id,status,sector,sector_merged,sector_grouped,activity,loan_amount,funded_amount,lender_count,borrower_count,use,description_length
3226044,fundraising,Agriculture,Agriculture,Agriculture,Farming,2700,75,2,1,to buy fertilizers to improve soils for healthy crop growing.,10
3226054,fundraising,Agriculture,Agriculture,Agriculture,Farming,425,100,4,1,to buy manure to improve soils to grow healthy coffee for sale.,12
3227446,fundraising,Retail,Retail,Business,General Store,1100,25,1,1,to add stock to the business.,6
3227039,fundraising,Agriculture,Agriculture,Agriculture,Farming,1900,25,1,1,to buy seedlings to diversify her crops and increase sales.,10
3227511,fundraising,Agriculture,Agriculture,Agriculture,Farming,1100,100,4,1,to buy seedlings to diversify his crops and increase sales.,10
3227654,fundraising,Manufacturing,Other,Personal,Manufacturing,1100,450,15,1,to add capital to her pot making business.,8
3227021,fundraising,Clothing,Clothing,Personal,Clothing Sales,425,50,1,1,to buy more bales of clothes to sell to generate revenue.,11
3210940,fundraising,Food,Food,Personal,Grocery Store,425,25,1,1,"to purchase more bananas and matooke, commonly known as plantain, a staple.",12
3210299,fundraising,Agriculture,Agriculture,Agriculture,Livestock,700,175,7,1,"buy more cows, and goats for rearing.",7
3210939,fundraising,Agriculture,Agriculture,Agriculture,Poultry,550,0,0,1,"to purchase chicks, feed, housing, feeders, and waterers for her poultry farm.",12
3210296,fundraising,Food,Food,Personal,Fish Selling,325,25,1,1,buy fish for selling.,4
3226021,fundraising,Agriculture,Agriculture,Agriculture,Farming,2700,75,2,1,"to buy fertilizer and mulch to amend his soil, boost his yield, and increase his income.",16
3226018,fundraising,Clothing,Clothing,Personal,Clothing Sales,1350,0,0,1,to purchase additional stock and expand her business.,8
3226016,fundraising,Agriculture,Agriculture,Agriculture,Animal Sales,2175,0,0,1,to buy more cows for fattening and sale to generate revenue.,11
3226008,fundraising,Agriculture,Agriculture,Agriculture,Farming,950,0,0,1,to purchase manure and mulches for his farm.,8
3226000,fundraising,Agriculture,Agriculture,Agriculture,Farming,825,25,1,1,to purchase manure and mulches for his coffee garden.,9
3226003,fundraising,Agriculture,Agriculture,Agriculture,Farming,1900,25,1,1,"to buy fertilizers, seedlings to grow healthy coffee to sell to generate revenue.",13
3225993,fundraising,Retail,Retail,Business,Hardware,4050,0,0,1,"to purchase essential stock, including cement, iron sheets, paints, brushes, and nails.",12
3225265,fundraising,Agriculture,Agriculture,Agriculture,Farming,1350,0,0,1,to buy a coffee milling machine to process coffee and sell to generate revenue.,14
3225962,fundraising,Retail,Retail,Business,General Store,1350,0,0,1,to buy assorted mercandise to restock her retail shop.,9
3225284,fundraising,Housing,Housing,Personal,Property,1075,0,0,1,to renovate rentals to earn better incomes from them.,9
3225225,fundraising,Construction,Construction,Personal,Timber Sales,950,0,0,1,to buy more timber to sell and generate revenue.,9
3225261,fundraising,Housing,Housing,Personal,Property,2025,0,0,1,to meet rental renovation expenses to earn better from his business.,11
3225140,fundraising,Agriculture,Agriculture,Agriculture,Farm Supplies,1075,0,0,1,"to buy manure, fertilizers, vaccines, pesticides, and herbicides to sell.",10
3225108,fundraising,Food,Food,Personal,Grocery Store,825,0,0,1,to buy more groceries to sell.,6
3225047,fundraising,Retail,Retail,Business,Electronics Sales,950,0,0,1,to buy more electronics to sell.,6
3224348,fundraising,Agriculture,Agriculture,Agriculture,Farming,2700,0,0,1,to buy mulches and manure to improve soils for healthy crop-growing.,11
3224410,fundraising,Food,Food,Personal,Restaurant,1350,0,0,1,"to buy serving trays, plates, cutlery, chairs, and tables so that he can accommodate more customers at his restaurant.",19
3224351,fundraising,Agriculture,Agriculture,Agriculture,Farm Supplies,2700,0,0,1,"to buy more land, banana suckers, and manure to plant more bananas for sell.",14
3224359,fundraising,Agriculture,Agriculture,Agriculture,Animal Sales,4025,0,0,1,to buy more cows to fatten and sell to generate revenue.,11
3224334,fundraising,Agriculture,Agriculture,Agriculture,Farming,1900,25,1,1,to buy mulches and manure to improve the soil to grow healthy coffee to sell and generate revenue.,18
3224303,fundraising,Agriculture,Agriculture,Agriculture,Farming,2700,0,0,1,to buy mulches and manure to improve soil fertility for healthy coffee growing.,13
3224305,fundraising,Agriculture,Agriculture,Agriculture,Farming,1900,0,0,1,to buy mulches and fertilizers to improve the soil for healthy coffee growing.,13
3224321,fundraising,Agriculture,Agriculture,Agriculture,Farming,2700,0,0,1,to buy mulches and manure to improve the soil for healthy coffee yields to sell.,15
3224266,fundraising,Agriculture,Agriculture,Agriculture,Animal Sales,1350,0,0,1,to buy more cows for fattening and sell to generate revenue.,11
3224162,fundraising,Wholesale,Other,Personal,Goods Distribution,2700,100,4,1,to buy an assortment of merchandise for selling to generate revenue.,11
3224152,fundraising,Agriculture,Agriculture,Agriculture,Farming,1625,0,0,1,to buy fertilizers to improve the soil for growing healthy crops to sell to generate revenue.,16
3224145,fundraising,Agriculture,Agriculture,Agriculture,Farm Supplies,1350,0,0,1,to buy manure and mulches to improve soils for healthy crop growing and selling.,14
3222919,fundraising,Agriculture,Agriculture,Agriculture,Farming,1350,0,0,1,to buy farmland to have better harvests to sell.,9
3222926,fundraising,Agriculture,Agriculture,Agriculture,Farming,950,0,0,1,to buy mulches and manure to improve soils for healthy coffee growing.,12
3223489,fundraising,Food,Food,Personal,Restaurant,550,25,1,1,"to pay for food supplies, saucepans, cutlery and labor.",9
3222885,fundraising,Agriculture,Agriculture,Agriculture,Farming,2700,0,0,1,to buy more land and seedlings to improve her coffee production.,11
3222909,fundraising,Agriculture,Agriculture,Agriculture,Farming,1075,0,0,1,to buy fertilizers to improve soils for growing healthy coffee to sell.,12
3222848,fundraising,Agriculture,Agriculture,Agriculture,Farming,825,0,0,1,to purchase fertilizers to improve soil for healthy harvests to sell.,11
3222846,fundraising,Agriculture,Agriculture,Agriculture,Farm Supplies,2150,0,0,1,to purchase fertilizers to improve soil for healthy crop growth and harvests.,12
3222831,fundraising,Construction,Construction,Personal,Construction Supplies,2700,0,0,1,to cover renovation expenses.,4
3222821,fundraising,Agriculture,Agriculture,Agriculture,Farming,1350,0,0,1,to buy organic manure and mulches to improve soils for healthy crop growing.,13
3222810,fundraising,Agriculture,Agriculture,Agriculture,Farming,1350,0,0,1,to buy a coffee milling machine to process coffee for sale to generate revenue.,14
3222796,fundraising,Agriculture,Agriculture,Agriculture,Farm Supplies,275,50,1,1,to buy manure and mulches to improve soils for healthy coffee growing.,12
3222773,fundraising,Food,Food,Personal,Fruits & Vegetables,550,0,0,1,to buy more fresh foods to sell and generate revenue.,10
3222771,fundraising,Agriculture,Agriculture,Agriculture,Farming,275,50,1,1,to buy more produce to sell and generate revenue.,9
3222772,fundraising,Agriculture,Agriculture,Agriculture,Farm Supplies,1350,0,0,1,to buy fertilizers and seedlings to grow healthy coffee for sale to generate revenue.,14
3222734,fundraising,Food,Food,Personal,Food Production/Sales,825,0,0,1,to buy more produce for resale.,6
3222736,fundraising,Agriculture,Agriculture,Agriculture,Farm Supplies,275,75,2,1,to buy coffee seedlings for her coffee farm.,8
3222721,funded,Agriculture,Agriculture,Agriculture,Farming,825,825,4,1,to buy fertilizers to improve her soil for healthy coffee growing.,11
3222728,fundraising,Food,Food,Personal,Food Production/Sales,1900,0,0,1,to buy more produce to sell to generate revenue.,9
3222694,fundraising,Food,Food,Personal,Food Production/Sales,275,100,2,1,to buy more fresh foods to sell and generate revenue.,10
3222700,fundraising,Housing,Housing,Personal,Property,425,0,0,1,to buy construction materials to renovate her rentals.,8
3222647,fundraising,Agriculture,Agriculture,Agriculture,Farming,1625,0,0,1,to buy fertilizers to improve soils for healthy coffee growing to sell.,12
3222670,fundraising,Agriculture,Agriculture,Agriculture,Farming,1900,0,0,1,to buy fertilizers to improve his soil for farming and have better harvests to sell.,15
3222656,fundraising,Agriculture,Agriculture,Agriculture,Farm Supplies,2700,0,0,1,to buy fertilizers and pesticides to grow healthy coffee to sell to generate revenue.,14
3222237,fundraising,Retail,Retail,Business,General Store,425,50,1,1,to buy an assortment of merchandise for sale to generate revenue.,11
3222241,fundraising,Agriculture,Agriculture,Agriculture,Farm Supplies,2700,0,0,1,to buy fertilizers and mulch to grow healthy coffee to sell.,11
3222232,fundraising,Agriculture,Agriculture,Agriculture,Farming,425,25,1,1,to buy manure to improve soil for healthy crop growth.,10
3222220,funded,Food,Food,Personal,Food Stall,275,275,6,1,to buy more fresh foods to sell and generate revenue.,10
3222201,fundraising,Agriculture,Agriculture,Agriculture,Livestock,275,250,9,1,to buy more goats to sell and generate revenue.,9
3222690,funded,Water,Other,Personal,Community Water Distribution,225,225,4,1,to buy more water tanks to reserve water to sell to generate revenue.,13
3222060,fundraising,Agriculture,Agriculture,Agriculture,Farming,1350,0,0,1,to buy fertilizers and better seedlings to grow healthy coffee for selling.,12
3222089,fundraising,Agriculture,Agriculture,Agriculture,Farming,1350,0,0,1,to buy medicated coffee seedlings and fertilizers to grow healthy coffee to sell to generate revenue.,16
3222187,fundraising,Agriculture,Agriculture,Agriculture,Farm Supplies,1350,0,0,1,to purchase fertilizers to improve soil for healthy crop growth to harvest and sell.,14
3222032,fundraising,Agriculture,Agriculture,Agriculture,Farming,825,0,0,1,to purchase organic manure to improve soil for farming and yield better harvests for sale.,15
3222057,fundraising,Agriculture,Agriculture,Agriculture,Farming,1075,0,0,1,to buy fertilizers to improve soils for healthy coffee growing for selling to generate revenue.,15
3221506,fundraising,Agriculture,Agriculture,Agriculture,Farming,4025,0,0,1,"to buy fertilizers, land and seedlings to plant more coffee to sell to generate revenue.",15
3221503,fundraising,Agriculture,Agriculture,Agriculture,Farming,550,0,0,1,to buy mulches and manure to improve soil for healthy coffee growing.,12
3221483,fundraising,Agriculture,Agriculture,Agriculture,Farming,550,0,0,1,to buy pesticides to grow healthy coffee for sell to generate revenue.,12
3221475,fundraising,Agriculture,Agriculture,Agriculture,Farming,425,75,2,1,to buy manure and mulches to apply to her coffee plantation.,11
3221461,fundraising,Agriculture,Agriculture,Agriculture,Farm Supplies,2150,0,0,1,to buy manure and mulches to improve soils for healthy coffee growing and sell.,14
3221452,fundraising,Agriculture,Agriculture,Agriculture,Animal Sales,1625,0,0,1,to buy more cows for fattening and sell to generate revenue.,11
3221426,fundraising,Agriculture,Agriculture,Agriculture,Farming,2675,0,0,1,to buy manure and mulches to improve soil for healthy coffee growing to sell.,14
3221373,fundraising,Retail,Retail,Business,General Store,825,0,0,1,"to buy household foodstuffs, plastics, and soft drinks to sell and generate revenue.",13
3221441,fundraising,Agriculture,Agriculture,Agriculture,Animal Sales,825,0,0,1,to buy more cows for fattening and sell to generate revenue.,11
3221315,fundraising,Agriculture,Agriculture,Agriculture,Animal Sales,1350,0,0,1,to buy more cows for fattening and selling to generate revenue.,11
3221364,fundraising,Agriculture,Agriculture,Agriculture,Agriculture,825,0,0,1,to buy harvests to sell produce and generate revenue.,9
3221302,fundraising,Agriculture,Agriculture,Agriculture,Farming,825,0,0,1,to buy mulches and manure to improve soils for healthy coffee growing.,12
3221308,fundraising,Agriculture,Agriculture,Agriculture,Farming,825,0,0,1,to buy NPK fertilizers to improve his soil for growing healthy coffee to sell.,14
3221286,funded,Food,Food,Personal,Food,275,275,7,1,to buy more produce to sell to generate revenue.,9
3220523,fundraising,Agriculture,Agriculture,Agriculture,Animal Sales,2675,0,0,1,to buy more cows for fattening and sale.,8
3220646,fundraising,Agriculture,Agriculture,Agriculture,Agriculture,275,100,4,1,to buy more agricultural harvests for sale to generate revenue.,10
3220515,fundraising,Agriculture,Agriculture,Agriculture,Cattle,550,75,3,1,to buy more cows for fattening and sale to generate revenue.,11
3219751,fundraising,Retail,Retail,Business,Retail,1075,0,0,1,to pay for purchase of inventory to sell to generate revenue.,11
3218888,fundraising,Agriculture,Agriculture,Agriculture,Cattle,2675,25,1,1,to buy more cows for fattening and to sell to generate revenue.,12
3218890,fundraising,Agriculture,Agriculture,Agriculture,Cattle,2675,25,1,1,to buy more cows for fattening and sell to generate revenue.,11
3218874,fundraising,Retail,Retail,Business,Retail,825,50,2,1,to restock assortment of merchandise for sell to generate revenue.,10
3218832,fundraising,Agriculture,Agriculture,Agriculture,Animal Sales,2675,0,0,1,to buy more cows for fattening and to stock his butcher business.,12
3218864,fundraising,Agriculture,Agriculture,Agriculture,Agriculture,1350,25,1,1,to buy more maize and beans to make produce to sell and generate revenue.,14
3218779,fundraising,Retail,Retail,Business,Retail,550,75,1,1,to restock an assortment of merchandise to sell to generate revenue.,11
3218785,fundraising,Services,Services,Business,Services,275,75,2,1,to repair and service machine to resume work and generate revenue.,11
3218741,funded,Agriculture,Agriculture,Agriculture,Farming,275,275,7,1,to buy pesticides and seeds to plant and raise better harvests for sale.,13
3218743,fundraising,Agriculture,Agriculture,Agriculture,Farming,1625,50,2,1,to buy maize harvests for milling and sell to generate revenue.,11
3218748,funded,Retail,Retail,Business,General Store,225,225,4,1,to restock an assortment of merchandise to sell to generate revenue.,11
3218730,fundraising,Agriculture,Agriculture,Agriculture,Cattle,2150,50,2,1,to buy more cows to fatten and sell to generate revenue.,11
3218734,fundraising,Services,Services,Business,Services,1350,0,0,1,to buy another milling machine to serve customers better and generate revenue.,12
3218717,fundraising,Agriculture,Agriculture,Agriculture,Dairy,4025,0,0,1,to buy more dairy cows for milk production and sell to generate revenue.,13
3218722,fundraising,Agriculture,Agriculture,Agriculture,Animal Sales,825,0,0,1,to buy cows and goats for fatttening and selling to generate revenue.,12
3218707,fundraising,Agriculture,Agriculture,Agriculture,Farming,550,175,5,1,to buy manure to improve soils for healthy crop growing.,10
3218716,fundraising,Agriculture,Agriculture,Agriculture,Farming,1350,0,0,1,to buy manure and mulches to improve the soil for healthy banana growing to sell to generate revenue.,18
3218710,fundraising,Agriculture,Agriculture,Agriculture,Cattle,4025,0,0,1,to buy more cows for fattening and selling to generate revenue.,11
3218111,fundraising,Clothing,Clothing,Personal,Clothing Sales,825,0,0,1,to buy more bales of clothes to sell and generate revenue.,11
3218102,fundraising,Agriculture,Agriculture,Agriculture,Cattle,1350,25,1,1,to buy cows for fattening.,5
3218024,fundraising,Agriculture,Agriculture,Agriculture,Farming,425,225,9,1,to buy organic manure to improve soils for healthy crop growing to sell to generate revenue.,16
3218051,fundraising,Transportation,Other,Personal,Motorcycle Transport,550,0,0,1,to pay for repair costs and maintenance to resume work to provide better cash inflows.,15
3218021,fundraising,Agriculture,Agriculture,Agriculture,Animal Sales,1350,25,1,1,to buy more cows to fatten and sell to generate revenue.,11
3217987,fundraising,Agriculture,Agriculture,Agriculture,Farming,3225,0,0,1,to buy manure to improve soils for healthy crop growth.,10
3217995,fundraising,Retail,Retail,Business,Cloth & Dressmaking Supplies,425,50,2,1,to buy more African fabrics to sell and generate revenue.,10
3217973,fundraising,Retail,Retail,Business,Shoe Sales,550,0,0,1,to buy more shoes to sell to generate revenue.,9
3217923,fundraising,Agriculture,Agriculture,Agriculture,Farming,1350,0,0,1,to buy mulches and manure to improve soils for healthy crop growth.,12
3217908,fundraising,Agriculture,Agriculture,Agriculture,Cattle,2150,0,0,1,to buy more cows for fattening and sell to generate revenue.,11
3217912,fundraising,Agriculture,Agriculture,Agriculture,Farm Supplies,825,50,2,1,to buy organic manure to improve soils for healthy banana growing to sell.,13
3217916,fundraising,Housing,Housing,Personal,Property,1075,100,3,1,to pay rental renovation expenses to earn better from them.,10
3217498,fundraising,Retail,Retail,Business,General Store,400,50,1,1,to restock an assortment of merchandise to sell and generate revenue.,11
3217891,fundraising,Agriculture,Agriculture,Agriculture,Farm Supplies,550,0,0,1,to buy manure and mulches to improve soils for healthy crop production.,12
3217472,fundraising,Health,Health,Personal,Pharmacy,550,100,4,1,to buy more drugs to sell and generate revenue.,9
3217487,fundraising,Agriculture,Agriculture,Agriculture,Farm Supplies,1125,125,4,1,to buy fertilizers and mulches to improve soils for healthy harvests.,11
3217416,fundraising,Retail,Retail,Business,General Store,1350,0,0,1,to restock an assortment of merchandise to sell to generate revenue.,11
3217437,fundraising,Agriculture,Agriculture,Agriculture,Farm Supplies,2125,0,0,1,to buy manure to improve soils for healthy harvests to sell to generate revenue.,14
3217409,fundraising,Food,Food,Personal,Pub,800,0,0,1,to increase stock for his bar and improve services at his guest house.,13
3217400,fundraising,Retail,Retail,Business,General Store,1350,0,0,1,to restock assortment of merchandise for sell to generate revenue.,10
3217377,fundraising,Retail,Retail,Business,Retail,3200,0,0,1,to buy more mattresses to sell and generate revenue at his shop.,12
3217349,fundraising,Retail,Retail,Business,Electronics Sales,2675,0,0,1,to buy more electronics to sell and generate revenue and support his family.,13
3217350,fundraising,Retail,Retail,Business,Retail,1200,0,0,1,to buy an assortment of merchandise to sell to generate revenue.,11
3217354,fundraising,Retail,Retail,Business,Retail,1350,0,0,1,to buy household items to sell through her retail shop and generate revenue for financial growth.,16
3217338,fundraising,Retail,Retail,Business,Retail,2675,0,0,1,to buy an assortment of merchandise to sell to generate revenue.,11
3217347,fundraising,Food,Food,Personal,Cereals,1350,0,0,1,to buy maize for milling to generate revenue.,8
3217314,fundraising,Agriculture,Agriculture,Agriculture,Cattle,4000,0,0,1,to buy cows for fattening and sell to generate revenue.,10
3217328,fundraising,Housing,Housing,Personal,Personal Housing Expenses,3200,0,0,1,to fund house construction to give her family a decent home.,11
3217252,fundraising,Agriculture,Agriculture,Agriculture,Farming,1350,0,0,1,to buy seedlings and fertilizer to grow healthy coffee to sell to generate revenue.,14
3217294,fundraising,Agriculture,Agriculture,Agriculture,Cattle,1200,50,2,1,to buy more cows for fattening and sell to generate revenue.,11
3217277,fundraising,Agriculture,Agriculture,Agriculture,Dairy,675,0,0,1,to buy dairy cows for milk production and selling to generate revenue.,12
3217240,fundraising,Agriculture,Agriculture,Agriculture,Farming,2675,0,0,1,to buy mulch and manure to improve the soil for healthy coffee growing.,13
3217244,fundraising,Agriculture,Agriculture,Agriculture,Farming,1875,0,0,1,to buy manure and mulch to improve the soil for healthy coffee growing for selling.,15
3215886,fundraising,Agriculture,Agriculture,Agriculture,Farming,400,175,5,1,to buy manure and mulch to improve the soil for farming and sell better harvests.,15
3215984,fundraising,Agriculture,Agriculture,Agriculture,Farming,1350,0,0,1,to buy manure and banana suckers to grow healthy bananas to sell to generate revenue.,15
3217235,fundraising,Agriculture,Agriculture,Agriculture,Farm Supplies,1350,0,0,1,to buy manure and mulch to improve the soil for healthy coffee growing.,13
3215794,fundraising,Agriculture,Agriculture,Agriculture,Farming,1875,0,0,1,to buy mulch and manure to improve the soil for farming and ultimately improve harvests.,15
3215817,fundraising,Agriculture,Agriculture,Agriculture,Farming,1350,75,2,1,to buy manure and mulches to improve soils for farming and better harvests to sell.,15
3215786,fundraising,Agriculture,Agriculture,Agriculture,Farming,1075,0,0,1,to buy farm inputs and seedlings to grow healthy coffee to sell to generate revenue.,15
3215746,fundraising,Agriculture,Agriculture,Agriculture,Farm Supplies,1350,0,0,1,to buy manure and mulches to improve his soil for farming.,11
3214893,fundraising,Agriculture,Agriculture,Agriculture,Farming,1100,0,0,1,"to purchase essential farm inputs, including quality seeds, fertilizers, and manure.",11
3214890,fundraising,Agriculture,Agriculture,Agriculture,Farming,2700,0,0,1,"to purchase essential farm inputs, including quality seeds, fertilizers, and manure.",11
3215783,fundraising,Food,Food,Personal,Cereals,800,0,0,1,to buy more sacks of rice to sell.,8
3214866,fundraising,Retail,Retail,Business,Shoe Sales,3250,0,0,1,"to restock her business with a wider variety of men's, women's and children's shoes.",14
3214881,fundraising,Agriculture,Agriculture,Agriculture,Farming,1350,0,0,1,to purchase quality manure and mulches for her coffee and maize gardens.,12
3214863,fundraising,Clothing,Clothing,Personal,Clothing Sales,1225,0,0,1,"to expand her boutique by purchasing additional stock, including dresses and shirts.",12
3214814,fundraising,Retail,Retail,Business,Spare Parts,550,0,0,1,"to restock his business with fast-moving spare parts, including brake pads and oil filters.",14
3214806,fundraising,Retail,Retail,Business,Electronics Sales,4050,25,1,1,"to restock his inventory with a wider range of phones, computers, and accessories.",13
3214796,fundraising,Retail,Retail,Business,General Store,825,0,0,1,to buy assorted merchandise and clothing.,6
3214133,fundraising,Agriculture,Agriculture,Agriculture,Farming,1350,0,0,1,"to purchase mulch and manure, which will improve soil fertility.",10
3214114,fundraising,Agriculture,Agriculture,Agriculture,Farming,675,25,1,1,to hire additional land and expand his maize production.,9
3214123,fundraising,Agriculture,Agriculture,Agriculture,Farming,3500,25,1,1,to hire additional land and expand his sugarcane plantation.,9
3214005,fundraising,Agriculture,Agriculture,Agriculture,Farming,1350,0,0,1,"to pay for pesticides, fertilizers, manure, and the work of laborers.",11
3214096,fundraising,Agriculture,Agriculture,Agriculture,Farming,1350,25,1,1,to purchase mulch and organic manure to improve soil fertility.,10
3213974,fundraising,Agriculture,Agriculture,Agriculture,Farming,2700,25,1,1,to purchase more maize for resale.,6
3213979,fundraising,Agriculture,Agriculture,Agriculture,Farm Supplies,4025,0,0,1,to purchase additional produce stock for his business.,8
3213947,fundraising,Agriculture,Agriculture,Agriculture,Farming,1625,0,0,1,"to purchase pesticides and fertilizers, carry out weeding, and hire laborers.",11
3213957,fundraising,Agriculture,Agriculture,Agriculture,Farming,4025,0,0,1,"to purchase pesticides, fertilizers, mulch, and manure.",7
3213940,fundraising,Agriculture,Agriculture,Agriculture,Farming,550,100,2,1,to support weeding activities on a sugarcane plantation.,8
3213470,fundraising,Agriculture,Agriculture,Agriculture,Farming,825,25,1,1,to clear additional land and hire labor for harvesting.,9
3213465,fundraising,Housing,Housing,Personal,Personal Housing Expenses,1100,0,0,1,to renovate and expand her lodge business.,7
3213458,fundraising,Agriculture,Agriculture,Agriculture,Farming,4050,25,1,1,to purchase quality fertilizers and manure for improved yields.,9
3213463,fundraising,Agriculture,Agriculture,Agriculture,Farming,1350,0,0,1,to expand his sugarcane farming.,5
3213440,fundraising,Agriculture,Agriculture,Agriculture,Farming,550,175,5,1,to purchase fertilizers and manure.,5
3213441,fundraising,Agriculture,Agriculture,Agriculture,Farming,1350,0,0,1,to purchase quality fertilizers and manure for improved yields.,9
3213436,fundraising,Agriculture,Agriculture,Agriculture,Farming,2700,25,1,1,to purchase quality fertilizers and manure to improve soil fertility.,10
3213428,fundraising,Agriculture,Agriculture,Agriculture,Farming,1350,25,1,1,to purchase quality fertilizers and manure to improve soil fertility.,10
3213431,fundraising,Agriculture,Agriculture,Agriculture,Farming,1100,0,0,1,to purchase quality fertilizers and manure to improve soil fertility.,10
3213416,fundraising,Agriculture,Agriculture,Agriculture,Farming,1350,50,2,1,to purchase manure and mulches to improve soil fertility and increase her crop yields.,14
3213420,fundraising,Agriculture,Agriculture,Agriculture,Farming,1100,0,0,1,to purchase fertilizers and manure to improve soil fertility.,9
3213410,fundraising,Agriculture,Agriculture,Agriculture,Farming,1625,75,2,1,to buy manure and mulches for improved yields.,8
3213412,fundraising,Agriculture,Agriculture,Agriculture,Poultry,1625,25,1,1,to purchase quality poultry feeds and expand his flock with more birds.,12
3212610,fundraising,Agriculture,Agriculture,Agriculture,Farming,1900,0,0,1,to buy manure and mulches for improved yields.,8
3213349,fundraising,Agriculture,Agriculture,Agriculture,Farming,1625,0,0,1,to buy manure and mulches for improved yields.,8
3213419,fundraising,Agriculture,Agriculture,Agriculture,Farming,825,25,1,1,to acquire additional farmland to expand his maize production.,9
3212587,fundraising,Agriculture,Agriculture,Agriculture,Farming,1625,0,0,1,to purchase manure and mulch for improved yields.,8
3212602,fundraising,Agriculture,Agriculture,Agriculture,Farming,825,0,0,1,to buy manure and mulches for improved yields.,8
3212573,fundraising,Agriculture,Agriculture,Agriculture,Farming,825,0,0,1,to buy manure and mulches for improved yields.,8
3212562,fundraising,Retail,Retail,Business,General Store,4050,0,0,1,to purchase a variety of merchandise for restocking his supermarkets.,10
3212552,fundraising,Clothing,Clothing,Personal,Clothing Sales,2700,0,0,1,to restock her business with a wider variety of bedding items.,11
3212541,fundraising,Services,Services,Business,Beauty Salon,550,150,3,1,to purchase synthetic hair and a hair dryer.,8
3212519,fundraising,Retail,Retail,Business,Hardware,2700,0,0,1,to purchase additional hardware inventory.,5
3211846,fundraising,Retail,Retail,Business,Bicycle Sales,4075,25,1,1,to purchase additional tricycles for resale.,6
3212506,fundraising,Housing,Housing,Personal,Personal Housing Expenses,550,0,0,1,to buy building materials to renovate her rentals.,8
3212496,funded,Education,Other,Personal,Primary/secondary school costs,1350,1350,20,1,to pay school fees for her 4 children.,8
3211832,fundraising,Agriculture,Agriculture,Agriculture,Farming,2725,0,0,1,"to purchase farm inputs, hire labor, and prepare her onion garden for the next planting season.",16
3211837,fundraising,Agriculture,Agriculture,Agriculture,Farming,550,0,0,1,to purchase mulch and manure to improve soil fertility.,9
3211804,fundraising,Agriculture,Agriculture,Agriculture,Farming,1900,0,0,1,to buy mulch and manure for improved yields.,8
3211816,fundraising,Agriculture,Agriculture,Agriculture,Farming,825,0,0,1,to buy mulch and manure for increased yields.,8
3211829,fundraising,Agriculture,Agriculture,Agriculture,Farming,1375,0,0,1,to buy mulches and manure for improved yields.,8
3211778,fundraising,Retail,Retail,Business,Electronics Sales,2450,0,0,1,to buy more electronics to stock his shop for increased profits.,11
3210841,fundraising,Agriculture,Agriculture,Agriculture,Cattle,4075,0,0,1,"to buy more cows to raise and sell, and to acquire veterinary medicines to treat sick cattle.",17
3211811,fundraising,Agriculture,Agriculture,Agriculture,Farming,825,0,0,1,to buy fertilizers and manure for improved yields.,8
3215882,fundraising,Agriculture,Agriculture,Agriculture,Farming,400,25,1,1,to buy manure and mulch to improve the soil and sell healthy harvests.,13
3210840,fundraising,Agriculture,Agriculture,Agriculture,Farming,2725,0,0,1,to buy essential manure to improve soils for healthy harvests to sell.,12
3211771,fundraising,Food,Food,Personal,Fish Selling,825,0,0,1,"to purchase additional fish for resale, increasing sales and improving income.",11
3210823,fundraising,Health,Health,Personal,Pharmacy,1100,100,4,1,to buy more drugs to sell and generate revenue.,9
3210837,fundraising,Agriculture,Agriculture,Agriculture,Farm Supplies,4075,0,0,1,to buy NPK fertilizers to improve soils for crop farming which will increase her harvests.,15
3210745,fundraising,Clothing,Clothing,Personal,Clothing Sales,675,0,0,1,to restock a variety of clothes to sell and generate a revenue.,12
3210820,fundraising,Clothing,Clothing,Personal,Clothing Sales,675,0,0,1,to buy more clothes to sell and generate revenue.,9
3210727,fundraising,Clothing,Clothing,Personal,Clothing Sales,550,0,0,1,to buy fashionable clothes to sell and generate revenue.,9
3210288,funded,Agriculture,Agriculture,Agriculture,Poultry,175,175,7,1,to buy chicken feeds and medicine.,6
3210279,fundraising,Clothing,Clothing,Personal,Clothing Sales,550,50,1,1,to buy more clothes for selling.,6
3210273,funded,Retail,Retail,Business,Retail,275,275,11,1,buy more snacks and soft drinks to sell.,8
3210239,fundraising,Agriculture,Agriculture,Agriculture,Farming,2175,0,0,1,buy land for farming.,4
3210263,funded,Food,Food,Personal,Fish Selling,550,550,11,1,buy more silver fish for selling.,6
3210260,funded,Food,Food,Personal,Food Market,275,275,7,1,buy sacks of cassava for selling.,6
3210268,funded,Food,Food,Personal,Food Market,275,275,7,1,buy more raw food for selling.,6
3210257,funded,Retail,Retail,Business,Cosmetics Sales,175,175,3,1,buy more cosmetics and beauty products for selling.,8
3210255,funded,Retail,Retail,Business,General Store,225,225,8,1,buy general merchandise for selling.,5
3210244,fundraising,Food,Food,Personal,Food Market,550,50,1,1,"to buy matooke, Irish potatoes, and cassava for selling.",9
3210251,funded,Retail,Retail,Business,Fuel/Firewood,225,225,8,1,buy more firewood for selling.,5
3210185,funded,Food,Food,Personal,Grocery Store,275,275,9,1,to buy more items for selling.,6
3210195,fundraising,Agriculture,Agriculture,Agriculture,Poultry,425,75,2,1,buy chicken feed and medicine.,5
3210174,fundraising,Clothing,Clothing,Personal,Clothing Sales,700,0,0,1,buy more clothes for selling.,5
3210170,fundraising,Food,Food,Personal,Grocery Store,275,50,1,1,buy more groceries for selling.,5
3209610,fundraising,Food,Food,Personal,Fish Selling,1625,0,0,1,to buy more fish to sell.,6
3209611,funded,Agriculture,Agriculture,Agriculture,Agriculture,175,175,7,1,purchase fertilizers and pesticides to ensure healthy crops.,8
3209607,fundraising,Food,Food,Personal,Food Production/Sales,275,75,2,1,to buy more bags of rice to sell.,8
3209605,fundraising,Food,Food,Personal,Liquor Store / Off-License,825,25,1,1,"to buy more liquor, as well as non-alcoholic drinks to sell.",11
3209604,funded,Clothing,Clothing,Personal,Clothing Sales,225,225,7,1,"to purchase more fashionable dresses, tops and bottoms to sell.",10
3209603,funded,Food,Food,Personal,Liquor Store / Off-License,175,175,6,1,"to buy more liquor, as well as non-alcoholic berages to sell.",11
3209597,funded,Agriculture,Agriculture,Agriculture,Poultry,225,225,8,1,"to purchase essential items like chicks, feed and housing for her poultry.",12
3209599,funded,Food,Food,Personal,Liquor Store / Off-License,175,175,6,1,"to buy more liquor, as well as non-alcoholic drinks to sell.",11
3209555,funded,Food,Food,Personal,Restaurant,150,150,5,1,"to buy matoke (green plantains), posho (maize flour), etc.",9
3209588,fundraising,Food,Food,Personal,Food Production/Sales,825,0,0,1,to buy more bags of rice to sell.,8
3209547,funded,Food,Food,Personal,Grocery Store,225,225,8,1,"to purchase more tomatoes, onions, cabbages, spinach, etc.",8
3209546,funded,Retail,Retail,Business,Charcoal Sales,425,425,17,1,to purchase more charcoal to resell.,6
3209541,fundraising,Food,Food,Personal,Restaurant,550,25,1,1,to buy more bags of Irish potatoes to fry chicken and chips to sell.,14
3209542,funded,Food,Food,Personal,Food Stall,175,175,4,1,"to buy more wheat flour, cooking oil and cassava to fry.",11
3209536,fundraising,Food,Food,Personal,Restaurant,700,0,0,1,"to buy matoke (green plantains), posho (maize flour), rice, beans, meat, peanut butter, onions, tomatoes, and spices.",17
3209538,fundraising,Food,Food,Personal,Restaurant,550,25,1,1,to buy matoke (green plantains) and posho (maize flour).,9
3209540,funded,Food,Food,Personal,Restaurant,175,175,2,1,"to buy matoke (green plantains), posho (maize flour), rice, beans, meat, peanut butter, onions, tomatoes, and spices.",17
3209532,funded,Agriculture,Agriculture,Agriculture,Livestock,225,225,8,1,"to buy supplies like feed, veterinary care, and potentially land or facilities.",12
3209533,fundraising,Food,Food,Personal,Food,400,25,1,1,to buy more food spices to sell.,7
3208783,fundraising,Food,Food,Personal,Restaurant,325,125,2,1,to buy matoke (green plantains) and posho (maize flour) and other ingredients for her restaurant.,15
3209531,funded,Food,Food,Personal,Food Production/Sales,150,150,5,1,"to buy more coffee, beans, rice, maize flour and cassava flour to sell.",13
3208780,fundraising,Food,Food,Personal,Grocery Store,825,225,7,1,"to purchase more bananas (including matooke, commonly known as plantain, a staple).",12
3208781,funded,Food,Food,Personal,Grocery Store,550,550,19,1,"to purchase more bananas (including matooke, commonly known as plantain, a staple).",12
3208775,funded,Food,Food,Personal,Grocery Store,150,150,5,1,"to purchase more bananas (including matooke, commonly known as plantain).",10
3208778,fundraising,Food,Food,Personal,Grocery Store,825,0,0,1,"to purchase more household supplies like rice, pasta, snacks, and cooking oil.",12
3208774,fundraising,Food,Food,Personal,Grocery Store,325,125,5,1,to purchase more bananas (including matooke commonly known as plantain).,10
3208772,fundraising,Food,Food,Personal,Restaurant,275,75,3,1,to buy matoke (green plantains) and posho (maize flour).,9
3207828,funded,Agriculture,Agriculture,Agriculture,Livestock,275,275,8,1,to buy more goats and water to sell.,8
3207832,fundraising,Services,Services,Business,Mobile Transactions,550,25,1,1,to buy more float for mobile money transactions.,8
3207823,fundraising,Food,Food,Personal,Grocery Store,425,100,3,1,to buy more raw food for sale.,7
3207827,funded,Retail,Retail,Business,Retail,700,700,19,1,"to buy more rice, sugar, flour, and soft drinks to sell.",11
3207815,funded,Food,Food,Personal,Restaurant,150,150,5,1,"to buy matoke (green plantains), posho (maize flour), rice, beans, meat, peanut butter, onions, tomatoes, and spices.",17
3207817,funded,Agriculture,Agriculture,Agriculture,Poultry,275,275,10,1,to buy more chicken for sale.,6
3207135,funded,Food,Food,Personal,Restaurant,275,275,6,1,to buy matoke (green plantains) and posho (maize flour).,9
3207139,funded,Retail,Retail,Business,General Store,275,275,7,1,"to purchase more household supplies like rice, pasta, snacks, and cooking oils.",12
3207129,fundraising,Food,Food,Personal,Restaurant,825,50,1,1,"to buy matoke (green plantains), posho (maize flour) and other food ingredients.",12
3207134,fundraising,Food,Food,Personal,Restaurant,550,50,1,1,to buy matoke (green plantains) and posho (maize flour).,9
3207112,fundraising,Retail,Retail,Business,Shoe Sales,1375,50,1,1,to buy more shoes for sale.,6
3207124,funded,Retail,Retail,Business,Charcoal Sales,275,275,6,1,to purchase more charcoal for resale.,6
3207110,fundraising,Food,Food,Personal,Fish Selling,975,50,1,1,to buy more fish for sale.,6
3207104,funded,Health,Health,Personal,Pharmacy,275,275,9,1,"to buy more over-the-counter medications and essential equipment,.",8
3207096,funded,Food,Food,Personal,Grocery Store,550,550,18,1,to purchase more yellow bananas for resale.,7
3206976,funded,Food,Food,Personal,Restaurant,275,275,9,1,buy more food stuffs for her resturant.,7
3206952,funded,Agriculture,Agriculture,Agriculture,Dairy,275,275,9,1,to buy more animal feed to increase milk products and buy milk cans for milk storage.,16
3206954,fundraising,Food,Food,Personal,Milk Sales,425,50,1,1,to purchase big gallons of milk and boxes of yoghurt to sell.,12
3206950,fundraising,Agriculture,Agriculture,Agriculture,Livestock,2175,25,1,1,to buy animal feeds and contruction materials for the farm house / rentals.,13
3206949,fundraising,Agriculture,Agriculture,Agriculture,Pigs,550,50,1,1,to purchase pig feed and construct a bigger pigsty.,9
3206944,fundraising,Retail,Retail,Business,Retail,975,50,1,1,"to purchase a sack of sugar, rice, flour, boxes of water, bread, and toothpaste to sell.",16
3207111,funded,Clothing,Clothing,Personal,Clothing Sales,225,225,5,1,"to purchase more fashionable dresses, tops and bottoms for resale.",10
3206945,fundraising,Retail,Retail,Business,Charcoal Sales,550,275,9,1,to purchase sacks of charcoal for sale.,7
3206940,funded,Food,Food,Personal,Food Stall,825,825,13,1,"to buy more matooke, cassava, yams, Irish potatoes, tomatoes, and avocado to sell.",13
3206939,fundraising,Agriculture,Agriculture,Agriculture,Poultry,550,25,1,1,buy garden fertilizers and poultry feeds.,6
3206934,fundraising,Food,Food,Personal,Food Market,550,100,3,1,"buy tomatoes, avocado, onions, nakatti, and green paper to sell.",10
3206937,fundraising,Retail,Retail,Business,Retail,675,175,6,1,"to purchase sacks of sugar, rice, flour, boxes of water, bread, and toothpaste to sell.",15
3206936,funded,Food,Food,Personal,Fruits & Vegetables,225,225,7,1,"buy tomatoes, avocado, onions, nakatti, and green pepper to sell.",10
3206933,fundraising,Food,Food,Personal,Fish Selling,550,50,1,1,to buy fresh fish and dry fish to sell.,9
3206932,fundraising,Food,Food,Personal,Beverages,825,125,3,1,purchase a fridge to support in soft drinks  preservation.,9
3206925,fundraising,Food,Food,Personal,Food Market,825,50,1,1,"buy more matooke, cassava, yams, irish potatoes, tomatoes, and avocado to sell.",12
3206921,funded,Food,Food,Personal,Milk Sales,275,275,8,1,to purchase big galoons of milk and boxes of yoghurt to sell.,12
3206927,funded,Food,Food,Personal,Food Stall,425,425,10,1,"buy sacks of potatoes, cooking oil, food spices and charcoal to prepare snacks for selling.",15
3206916,fundraising,Food,Food,Personal,Restaurant,550,0,0,1,"to buy cartons of flour, cooking oil, baking powder, Irish potatoes, bananas, and food flavors to bake snacks to sell.",20
3206920,funded,Clothing,Clothing,Personal,Clothing,275,275,10,1,purchase large stocks of baby wear and ladies wear for sale.,11
3206914,funded,Clothing,Clothing,Personal,Clothing Sales,225,225,7,1,"to purchase big quantities of baby wear and ladies' wear for her boutique, as well as electric bulbs, sockets, switches to sell.",22
3206915,fundraising,Retail,Retail,Business,Charcoal Sales,825,25,1,1,to purchase sacks of charcoal to sell.,7
3206223,fundraising,Clothing,Clothing,Personal,Clothing Sales,650,75,2,1,"to purchase more fashionable dresses, tops and bottoms.",8
3206272,fundraising,Food,Food,Personal,Liquor Store / Off-License,1100,75,3,1,"to buy more liquor, as well as non-alcoholic options like soft drinks.",12
3206270,funded,Food,Food,Personal,Food Stall,825,825,12,1,"to buy more coffee, beans, rice, maize flour and cassava.",10
3206220,fundraising,Food,Food,Personal,Fish Selling,700,50,1,1,to buy more fish.,4
3206219,fundraising,Food,Food,Personal,Food Production/Sales,1225,25,1,1,"to buy more beans, rice, maize flour and cassava.",9
3206216,funded,Retail,Retail,Business,Shoe Sales,275,275,10,1,to buy more shoes for sale.,6
3206215,fundraising,Food,Food,Personal,Restaurant,425,75,2,1,"to buy matoke (green plantains), posho (maize flour), rice, and beans.",11
3206214,fundraising,Retail,Retail,Business,General Store,1100,50,1,1,"to purchase more household supplies like rice, pasta, snacks, cooking oils, and salad dressings.",14
3206209,fundraising,Food,Food,Personal,Restaurant,825,75,2,1,"to buy matoke (green plantains), posho (maize flour), rice, and beans,.",11
3206212,funded,Food,Food,Personal,Restaurant,825,825,15,1,"to buy matoke (green plantains), posho (maize flour), rice, beans, and meat.",12
3206207,fundraising,Food,Food,Personal,Fruits & Vegetables,700,25,1,1,"to purchase more bananas (including matooke, commonly known as plantain).",10
3206208,funded,Food,Food,Personal,Fruits & Vegetables,550,550,14,1,"to purchase more bananas (including matooke, commonly known as plantain).",10
3206206,fundraising,Retail,Retail,Business,Hardware,1375,50,1,1,to buy more cement iron sheets for her business.,9
3206204,funded,Services,Services,Business,Services,550,550,20,1,to buy more tents and chairs for hire.,8
3206201,funded,Services,Services,Business,Tailoring,225,225,6,1,to purchase enough patterns of clothes for making new dresses.,10
3206198,fundraising,Agriculture,Agriculture,Agriculture,Livestock,550,150,4,1,"to buy supplies like feed and veterinary care, and potentially land or facilities.",13
3206197,fundraising,Food,Food,Personal,Liquor Store / Off-License,550,0,0,1,"to buy more liquor, as well as non-alcoholic options like soft drinks.",12
3206118,funded,Retail,Retail,Business,General Store,900,900,25,1,"to purchase more sugar, beans and rice to sell.",9
3206196,funded,Food,Food,Personal,Pub,950,950,16,1,to buy more liquor as well as non-alcoholic options like soft drinks.,12
3207106,funded,Retail,Retail,Business,Plastics Sales,175,175,6,1,"to buy more plastics like basins, buckets for sale.",9
3206199,funded,Agriculture,Agriculture,Agriculture,Livestock,275,275,9,1,"to buy supplies like feed, veterinary care, and potentially land or facilities.",12
3227689,funded,Agriculture,Agriculture,Agriculture,Farming,150,150,5,1,to buy more stock for the business.,7
3227683,fundraising,Services,Services,Business,Tailoring,425,50,2,1,to buy different types of bitengi fabrics.,7
3227685,funded,Food,Food,Personal,Food Market,125,125,4,1,to buy more stock for her business.,7
3227674,funded,Food,Food,Personal,Food,225,225,3,1,to buy more stock for the business.,7
3227614,fundraising,Agriculture,Agriculture,Agriculture,Farming,1150,75,3,1,to buy more stock for his business.,7
3227603,fundraising,Agriculture,Agriculture,Agriculture,Cattle,1100,0,0,1,to buy more stock for his business.,7
3227575,fundraising,Agriculture,Agriculture,Agriculture,Farming,1100,50,2,1,buy more stock for his business.,6
3227556,fundraising,Retail,Retail,Business,General Store,1350,125,2,1,to buy more stock for the business.,7
3227424,funded,Retail,Retail,Business,General Store,825,825,21,1,to add capital to his soap selling business as well as other items.,13
3226888,funded,Food,Food,Personal,Pub,275,275,9,1,to restock more local drinks.,5
3226881,funded,Services,Services,Business,Beauty Salon,150,150,5,1,"to buy more salon products (shampoo, braids) and stock soft drinks.",11
3226873,fundraising,Retail,Retail,Business,General Store,825,125,4,1,to add stock to the business.,6
3227008,fundraising,Food,Food,Personal,Food,1350,75,2,1,to add stock to the business.,6
3226889,funded,Food,Food,Personal,Grocery Store,225,225,1,1,"to buy additional stock of food items like matooke, maize, potatoes and cassava.",13
3226786,funded,Food,Food,Personal,Food Stall,275,275,10,1,buy more matooke and sacks of charcoal.,7
3226738,fundraising,Services,Services,Business,Tailoring,1625,325,11,1,to buy fabric and materials to sew and sell.,9
3226512,fundraising,Clothing,Clothing,Personal,Clothing Sales,675,0,0,1,buy more clothes to sell.,5
3224935,fundraising,Food,Food,Personal,Food Stall,1100,500,15,1,to add stock to her business.,6
3221413,funded,Agriculture,Agriculture,Agriculture,Farming,150,150,6,1,to buy goats for rearing and for sale in order to generate revenue.,13
3226185,fundraising,Food,Food,Personal,Pub,1350,650,10,1,to buy more stock for his bar business.,8
3226165,fundraising,Food,Food,Personal,Restaurant,825,50,1,1,buy a TV and a fridge for her restaurant.,9
3226133,fundraising,Retail,Retail,Business,Electrical Goods,550,0,0,1,to buy more electrical goods for resale.,7
3226120,funded,Services,Services,Business,Beauty Salon,175,175,4,1,"to buy essential equipment for the salon like styling chairs, shampoo stations, hairdryers, mirrors and professional tools like scissors,.",19
3226129,funded,Clothing,Clothing,Personal,Clothing Sales,425,425,11,1,to purchase more fashionable dresses and tops.,7
3226123,funded,Agriculture,Agriculture,Agriculture,Poultry,425,425,13,1,"to purchase essential items like chicks, feed, housing, feeders and waterers,.",11
3226127,funded,Services,Services,Business,Mobile Transactions,425,425,6,1,to purchase more float and have cash for her mobile money business transactions.,13
3225486,fundraising,Water,Other,Personal,Community Water Distribution,3575,1525,36,1,to purchase inventory.,3
3225449,fundraising,Food,Food,Personal,Fish Selling,825,0,0,1,to buy more stock for her business.,7
3225428,funded,Retail,Retail,Business,Shoe Sales,325,325,9,1,to buy more stock for her business.,7
3225442,fundraising,Services,Services,Business,Vehicle Repairs,550,275,6,1,to buy more stock for his business.,7
3225416,funded,Agriculture,Agriculture,Agriculture,Poultry,225,225,4,1,"buy poultry feed, medicines and stock food stuffs for the resturant.",11
3225412,funded,Food,Food,Personal,Fish Selling,150,150,4,1,to buy more stock for her business.,7
3225394,fundraising,Services,Services,Business,Event Planning,425,150,4,1,"buy more decorating items, chairs, tents, flowers and glasses.",9
3225377,funded,Retail,Retail,Business,Retail,200,200,6,1,to buy more stock for her business.,7
3225340,funded,Food,Food,Personal,Grocery Store,425,425,17,1,to buy more stock for her grocery store.,8
3225335,fundraising,Clothing,Clothing,Personal,Clothing Sales,950,25,1,1,to purchase more clothes for stocking the business.,8
3225306,fundraising,Food,Food,Personal,Bakery,2700,75,3,1,to buy more stock for his business.,7
3225213,fundraising,Food,Food,Personal,Food,1075,125,5,1,to add stock to the business.,6
3225192,funded,Food,Food,Personal,Grocery Store,150,150,2,1,restock more items for the grocery store.,7
3225138,fundraising,Clothing,Clothing,Personal,Clothing Sales,825,150,2,1,"to purchase more clothes and shoes for her boutique,.",9
3225129,fundraising,Food,Food,Personal,Restaurant,825,25,1,1,"to buy more stock for her restaurant such as  cooking oil, tables, chairs, and tableware.",15
3225128,funded,Food,Food,Personal,Grocery Store,225,225,1,1,to Purchase more  raw food and charcoal  for her business.,10
3225119,fundraising,Retail,Retail,Business,General Store,550,100,1,1,to purchase retail shop stock.,5
3225115,fundraising,Services,Services,Business,Beauty Salon,425,25,1,1,"to buy braids, manicure products and Vaseline.",7
3225041,funded,Food,Food,Personal,Catering,275,275,3,1,"to stock Irish potatoes, cooking oil, and to buy an umbrella.",11
3225036,fundraising,Retail,Retail,Business,Spare Parts,1350,0,0,1,to buy more drinks and to stock spare parts for her business.,12
3220599,funded,Retail,Retail,Business,Shoe Sales,125,125,4,1,to buy more shoes to sell and generate revenue.,9
3224377,funded,Retail,Retail,Business,General Store,125,125,5,1,to buy more stock for her business.,7
3224439,funded,Retail,Retail,Business,Retail,550,550,11,1,to buy more polythene bags.,5
3224427,fundraising,Water,Other,Personal,Community Water Distribution,2125,625,20,1,to purchase inventory.,3
3224425,funded,Construction,Construction,Personal,Construction Supplies,275,275,2,1,buy more stones from the quarry to sell.,8
3224420,fundraising,Retail,Retail,Business,Electronics Sales,825,75,2,1,buy more electronics for selling.,5
3224426,fundraising,Retail,Retail,Business,Fuel/Firewood,550,150,3,1,buy more fire wood for selling.,6
3224416,fundraising,Food,Food,Personal,Food,550,100,1,1,buy more milk and soft drinks like sodas and mineral water.,11
3224406,funded,Food,Food,Personal,Restaurant,425,425,12,1,"buy wheat, wheat flour, charcoal, and cooking oil.",8
3224414,funded,Food,Food,Personal,Food,425,425,13,1,buy more produce to sell in the shop.,8
3224407,fundraising,Retail,Retail,Business,General Store,825,25,1,1,to buy charcoal and matooke for selling.,7
3224402,fundraising,Reuse & Recycle,Other,Personal,Used Clothing,425,325,13,1,to buy more second-hand clothes to sell.,7
3224397,funded,Clothing,Clothing,Personal,Clothing Sales,275,275,2,1,to purchase more stock of clothes.,6
3224398,funded,Clothing,Clothing,Personal,Clothing Sales,275,275,2,1,to purchase more clothes.,4
3224400,fundraising,Clothing,Clothing,Personal,Clothing Sales,825,25,1,1,to buy more second-hand clothes to sell.,7
3224396,funded,Food,Food,Personal,Fruits & Vegetables,275,275,11,1,buy more vegetables and fruits.,5
3224392,funded,Food,Food,Personal,Restaurant,150,150,6,1,to purchase additional chairs and charcoal.,6
3224386,fundraising,Retail,Retail,Business,Retail,675,0,0,1,to buy more fish to sell.,6
3224388,funded,Food,Food,Personal,Fishing,425,425,16,1,to buy fish and nets.,5
3224380,funded,Food,Food,Personal,Food Market,425,425,10,1,buy more raw matooke [green bananas] to sell.,8
3224372,fundraising,Water,Other,Personal,Community Water Distribution,2900,275,8,1,to purchase inventory for his safe drinking water supply business.,10
3224376,funded,Retail,Retail,Business,General Store,350,350,13,1,"buy maize flour, rice, soda, sugar and salt.",8
3224363,funded,Services,Services,Business,Beauty Salon,150,150,5,1,"to buy a fridge, hair dryer, and additional hair supplies.",10
3224352,funded,Food,Food,Personal,Restaurant,225,225,8,1,to purchase a refrigerator and additional chairs.,7
3224345,funded,Services,Services,Business,Computers,100,100,1,1,to buy more stock for his computer center.,8
3224329,funded,Retail,Retail,Business,Electrical Goods,225,225,8,1,to buy more stock for his business.,7
3224242,funded,Health,Health,Personal,Pharmacy,1350,1350,34,1,to buy more stock for her drug shop.,8
3223448,fundraising,Services,Services,Business,Services,2700,0,0,1,to buy more stock for his business.,7
3224065,fundraising,Retail,Retail,Business,Retail,3250,75,3,1,to buy more stock for his business.,7
3223735,fundraising,Food,Food,Personal,Restaurant,4050,25,1,1,to buy more stock for his business.,7
3223569,funded,Food,Food,Personal,Fruits & Vegetables,100,100,4,1,to buy more stock for her business.,7
3223709,funded,Agriculture,Agriculture,Agriculture,Poultry,275,275,9,1,to buy more stock for her poultry business.,8
3223725,funded,Food,Food,Personal,Fruits & Vegetables,100,100,3,1,to buy more stock for her business.,7
3223701,funded,Agriculture,Agriculture,Agriculture,Poultry,225,225,7,1,to buy more stock for her poultry business.,8
3223691,funded,Food,Food,Personal,Fruits & Vegetables,100,100,3,1,to buy more fruits and vegetables to stock her business.,10
3223682,funded,Retail,Retail,Business,Personal Products Sales,225,225,2,1,"to buy cosmetics, body sprays, hair sprays, and tailoring materials.",10
3223464,fundraising,Food,Food,Personal,Pub,2975,25,1,1,to buy more stock for his business.,7
3223438,fundraising,Retail,Retail,Business,Retail,4050,25,1,1,to buy more stock for his business.,7
3223413,funded,Retail,Retail,Business,Retail,675,675,23,1,to buy more stock for her business.,7
3223390,funded,Retail,Retail,Business,Retail,325,325,11,1,to buy more stock for her business.,7
3222750,funded,Food,Food,Personal,Beverages,275,275,10,1,to stock millet and yeast for brewing waragi.,8
3222722,funded,Food,Food,Personal,Food,175,175,6,1,to buy more produce to sell.,6
3222812,funded,Retail,Retail,Business,Retail,275,275,10,1,"buy sugar, maize floor, cooking oil, soap, rice and wheat flour.",11
3222753,funded,Retail,Retail,Business,Shoe Sales,250,250,3,1,"buy more shoes,.",3
3222576,funded,Agriculture,Agriculture,Agriculture,Agriculture,425,425,6,1,to purchase quality agricultural inputs.,5
3222517,fundraising,Agriculture,Agriculture,Agriculture,Farming,825,125,5,1,to buy quality agricultural inputs.,5
3222488,fundraising,Food,Food,Personal,Fish Selling,4025,1375,23,1,to buy more stock of fish to sell.,8
3220576,funded,Agriculture,Agriculture,Agriculture,Poultry,175,175,4,1,"to buy more chicks for rearing and selling, to generate revenue.",11
3221421,funded,Food,Food,Personal,Fruits & Vegetables,150,150,3,1,to buy more stock for her business.,7
3222207,funded,Food,Food,Personal,Fish Selling,225,225,4,1,to buy more fish to sell.,6
3222203,funded,Food,Food,Personal,Restaurant,225,225,8,1,buy more food for cooking.,5
3222202,funded,Agriculture,Agriculture,Agriculture,Poultry,550,550,12,1,to buy more birds for rearing.,6
3222177,funded,Food,Food,Personal,Food Production/Sales,425,425,15,1,to purchase more coffee to restock.,6
3222172,funded,Agriculture,Agriculture,Agriculture,Poultry,275,275,3,1,"to purchase more chicks, chicken feed, and medications.",8
3222165,funded,Food,Food,Personal,Food Market,275,275,11,1,to buy more raw food.,5
3222019,fundraising,Food,Food,Personal,Cheese Making,1900,150,6,1,to buy more stock for his cheese-making business.,8
3221987,funded,Food,Food,Personal,Restaurant,425,425,8,1,buy more food to cook and sell.,7
3221985,fundraising,Entertainment,Other,Personal,Entertainment,1350,375,11,1,to buy more stock for his business.,7
3221905,fundraising,Agriculture,Agriculture,Agriculture,Farming,1075,300,11,1,"to buy improved seeds, fertilizers, and other essential farm inputs.",10
3218028,funded,Retail,Retail,Business,Retail,225,225,8,1,to restock assortment of merchandise for sell to generate revenue.,10
3221522,funded,Services,Services,Business,Tailoring,150,150,4,1,to buy more material for sewing.,6
3221525,funded,Services,Services,Business,Tailoring,325,325,4,1,to buy more material for sewing.,6
3221509,funded,Retail,Retail,Business,Charcoal Sales,325,325,13,1,buy more charcoal for sale.,5
3221489,funded,Services,Services,Business,Beauty Salon,150,150,4,1,to buy more stock for her business.,7
3221038,funded,Retail,Retail,Business,General Store,100,100,3,1,to restock an assortment of merchandise to sell and generate revenue.,11
3220974,funded,Retail,Retail,Business,General Store,1075,1075,32,1,to add stock to the business.,6
3220642,fundraising,Food,Food,Personal,Pub,550,25,1,1,buy more alcohol and food to sell.,7
3220618,fundraising,Food,Food,Personal,Food Stall,425,125,5,1,to buy more raw food to sell.,7
3220507,funded,Clothing,Clothing,Personal,Clothing Sales,150,150,6,1,to buy more stock for her business.,7
3220526,funded,Retail,Retail,Business,Shoe Sales,175,175,7,1,to buy more stock for her business.,7
3220471,fundraising,Water,Other,Personal,Community Water Distribution,2750,750,20,1,to purchase inventory.,3
3220398,funded,Agriculture,Agriculture,Agriculture,Pigs,1075,1075,31,1,to buy more pigs.,4
3220391,funded,Food,Food,Personal,Food Stall,150,150,6,1,to buy more raw food for resale.,7
3220383,funded,Services,Services,Business,Mobile Transactions,225,225,6,1,to buy more float for her mobile money transaction business.,10
3219754,funded,Retail,Retail,Business,Retail,175,175,4,1,to restock with an assortment of merchandise to sell and generate revenues.,12
3220331,funded,Retail,Retail,Business,General Store,1625,1625,51,1,to add stock to her business.,6
3220345,funded,Food,Food,Personal,Food Market,150,150,3,1,buy more raw food for sale.,6
3220313,fundraising,Food,Food,Personal,Restaurant,4025,50,2,1,to buy more stock for his business.,7
3206264,funded,Agriculture,Agriculture,Agriculture,Farming,225,225,8,1,to buy land for growing raw food.,7
3206266,funded,Services,Services,Business,Tailoring,275,275,8,1,to buy fabrics for making clothes.,6
3203983,funded,Food,Food,Personal,Grocery Store,425,425,13,1,"to purchase more household supplies like rice, pasta, snacks, cooking oils, salad dressings.",13
3219879,funded,Retail,Retail,Business,Shoe Sales,550,550,18,1,to buy more inventory for his shoes and clothing business.,10
3219895,funded,Agriculture,Agriculture,Agriculture,Farming,275,275,10,1,buy more seeds for planting.,5
3219894,fundraising,Food,Food,Personal,Food Market,550,125,3,1,to buy more raw food for sale.,7
3219774,fundraising,Construction,Construction,Personal,Bricks,1075,350,13,1,to add capital to his bricklaying business.,7
3219817,funded,Agriculture,Agriculture,Agriculture,Poultry,1075,1075,19,1,to buy poultry and feeds.,5
3219758,funded,Food,Food,Personal,Food,1075,1075,34,1,to add stock to a refugee-owned food stall.,8
3219725,funded,Food,Food,Personal,Food,825,825,31,1,to add stock to the business.,6
3219714,funded,Food,Food,Personal,Food,1075,1075,24,1,to add stock to her business and support her five children.,11
3219589,funded,Food,Food,Personal,Food Production/Sales,825,825,7,1,to buy dried food to sell.,6
3219645,funded,Food,Food,Personal,Fish Selling,1075,1075,33,1,to buy fish stock and other items.,7
3219604,funded,Food,Food,Personal,Food Market,550,550,12,1,to add stock to the business.,6
3218953,fundraising,Agriculture,Agriculture,Agriculture,Farming,1350,0,0,1,to buy manure to add to his coffee plantation for improved yields.,12
3218949,fundraising,Retail,Retail,Business,General Store,1075,0,0,1,"to buy kitchenware items like plates, cups, flasks and soft drinks for her retail shop.",15
3218018,funded,Food,Food,Personal,Fish Selling,200,200,5,1,"to buy more fish to sell, and packaging materials to serve customers better.",13
3218902,fundraising,Agriculture,Agriculture,Agriculture,Cattle,1475,0,0,1,to purchase bulls for his fattening and rearing project.,9
3219539,funded,Food,Food,Personal,Fish Selling,425,425,3,1,to buy more stock for her business.,7
3218896,fundraising,Agriculture,Agriculture,Agriculture,Animal Sales,1350,250,1,1,to purchase more bulls for bull fattening.,7
3218943,funded,Agriculture,Agriculture,Agriculture,Dairy,825,825,19,1,to buy a dairy cow for increased milk production.,9
3218973,funded,Food,Food,Personal,Food Market,675,675,19,1,to add stock to the business.,6
3218893,fundraising,Agriculture,Agriculture,Agriculture,Dairy,1075,175,1,1,to buy a dairy cow for milk production.,8
3218900,funded,Agriculture,Agriculture,Agriculture,Farm Supplies,550,550,1,1,to buy pesticides and manure for his cabbage crop.,9
3218891,funded,Health,Health,Personal,Medical Clinic,825,825,22,1,to purchase more drugs for her clinic.,7
3218825,funded,Food,Food,Personal,Fish Selling,1075,1075,33,1,to stock fish and other items.,6
3218816,funded,Retail,Retail,Business,Retail,825,825,16,1,to buy more stock for her business.,7
3218813,fundraising,Retail,Retail,Business,General Store,1075,50,2,1,to add stock to the business.,6
3218805,fundraising,Agriculture,Agriculture,Agriculture,Cattle,1350,200,7,1,to buy more cattle.,4
3218765,fundraising,Agriculture,Agriculture,Agriculture,Farming,825,575,15,1,to stock agricultural inputs.,4
3218773,funded,Agriculture,Agriculture,Agriculture,Cattle,550,550,14,1,to buy more cattle.,4
3218763,funded,Food,Food,Personal,Fish Selling,825,825,30,1,to add stock to the business.,6
3218750,funded,Retail,Retail,Business,General Store,1075,1075,35,1,to add stock to the business.,6
3218736,funded,Food,Food,Personal,Food,150,150,6,1,to restock shop to better serve customers and increase cash in-flows.,11
3218731,fundraising,Food,Food,Personal,Fish Selling,1625,325,11,1,to add stock to the business.,6
3218723,fundraising,Food,Food,Personal,Food Stall,1625,200,8,1,to add stock to her food stall business.,8
3218715,fundraising,Services,Services,Business,Photography,825,475,16,1,to buy studio equipment.,4
3211823,funded,Agriculture,Agriculture,Agriculture,Farming,550,550,14,1,to buy fertilizer for improved yields.,6
3215825,funded,Agriculture,Agriculture,Agriculture,Farm Supplies,400,400,3,1,to buy manure and mulche to improve soils for healthy crop harvests.,12
3210835,fundraising,Agriculture,Agriculture,Agriculture,Farming,2725,25,1,1,to buy coffee harvests to sell to generate revenue.,9
3210844,fundraising,Agriculture,Agriculture,Agriculture,Agriculture,825,25,1,1,to buy fertilizers to better soils for farming and hire labor for crop growth.,14
3210783,fundraising,Agriculture,Agriculture,Agriculture,Veterinary Sales,1375,125,5,1,to buy agro inputs to sell and generate revenue.,9
3210806,fundraising,Construction,Construction,Personal,Construction Supplies,700,0,0,1,to meet contruction expenses to give his family a permanent place to call home.,14
3210757,fundraising,Food,Food,Personal,Food Production/Sales,1100,0,0,1,to buy more produce to sell and generate revenue.,9
3210740,fundraising,Wholesale,Other,Personal,Goods Distribution,825,25,1,1,to buy an assortment of merchandise for sell to generate revenue.,11
3210719,fundraising,Retail,Retail,Business,Retail,3000,0,0,1,to restock the assortment of merchandise to sell to generate revenue.,11
3210687,fundraising,Retail,Retail,Business,Office Supplies,2175,0,0,1,"to buy more books, files, reams, markers, charts to sell and generate revenue.",13
3210714,fundraising,Wholesale,Other,Personal,Goods Distribution,2725,25,1,1,to buy more goods to sell and generate revenue.,9
3210334,funded,Agriculture,Agriculture,Agriculture,Farming,2725,2725,40,1,to buy manure and mulch to improve soils for farming to obtain better harvests to sell.,16
3210656,fundraising,Manufacturing,Other,Personal,Metal Shop,1375,75,3,1,to buy more scrap metals to sell and generate revenue.,10
3210001,fundraising,Agriculture,Agriculture,Agriculture,Farm Supplies,3525,25,1,1,to buy fertilizer to improve soils for healthy crop growing.,10
3208688,fundraising,Agriculture,Agriculture,Agriculture,Cattle,2650,25,1,1,to buy vaccines and cows to raise healthy cows to sell to generate revenue.,14
3218242,funded,Clothing,Clothing,Personal,Clothing Sales,675,675,18,1,"to buy more dresses, shirts and skirts to add in her business.",12
3218238,fundraising,Agriculture,Agriculture,Agriculture,Cattle,1350,0,0,1,to buy bullocks for fattening and rearing.,7
3218229,fundraising,Agriculture,Agriculture,Agriculture,Poultry,1350,25,1,1,to purchase poultry feed.,4
3218233,fundraising,Agriculture,Agriculture,Agriculture,Farm Supplies,550,50,2,1,to buy fertilizers and manure for his banana plantation.,9
3218225,fundraising,Agriculture,Agriculture,Agriculture,Cattle,1075,0,0,1,to purchase animal feed for his cattle.,7
3218232,funded,Food,Food,Personal,Fruits & Vegetables,400,400,11,1,to buy plantains for sale.,5
3218218,funded,Agriculture,Agriculture,Agriculture,Farming,550,550,6,1,to purchase fertilizer for his banana plantation.,7
3218219,fundraising,Agriculture,Agriculture,Agriculture,Farming,1075,0,0,1,to buy fertilizers for her coffee plantation.,7
3218222,funded,Retail,Retail,Business,General Store,550,550,11,1,"to purchase sachets of detergent, boxes of soap, cartons of water, and sodas for her retail shop.",17
3218213,fundraising,Agriculture,Agriculture,Agriculture,Farming,825,25,1,1,to purchase farm inputs such as fertilizers.,7
3218211,funded,Agriculture,Agriculture,Agriculture,Farming,550,550,8,1,to purchase fertilizers for her coffee plantation.,7
3218214,fundraising,Agriculture,Agriculture,Agriculture,Farming,825,25,1,1,to buy fertilizer for his coffee plantation.,7
3218003,funded,Clothing,Clothing,Personal,Clothing Sales,275,275,9,1,to buy more clothes to sell and generate revenue.,9
3217921,funded,Food,Food,Personal,Food Market,1075,1075,32,1,to add variety to her baked offerings.,7
3217899,funded,Agriculture,Agriculture,Agriculture,Poultry,1075,1075,29,1,to buy more poultry and feed.,6
3217290,funded,Food,Food,Personal,Fish Selling,275,275,7,1,to buy more stock for her business.,7
3217260,fundraising,Food,Food,Personal,Food,550,75,3,1,to buy more stock for his business.,7
3217255,funded,Food,Food,Personal,Grocery Store,800,800,25,1,to buy more stock for his business.,7
3217246,fundraising,Retail,Retail,Business,General Store,4000,50,2,1,to buy more stock for his business.,7
3217221,fundraising,Retail,Retail,Business,Retail,2675,50,2,1,to buy more stock for his business.,7
3201004,funded,Food,Food,Personal,Restaurant,150,150,5,1,buy more food for cooking.,5
3216891,fundraising,Agriculture,Agriculture,Agriculture,Poultry,675,50,2,1,to buy more chicks for poultry farming.,7
3214963,funded,Food,Food,Personal,Food Stall,125,125,4,1,to buy more stock for her business.,7
3216936,funded,Agriculture,Agriculture,Agriculture,Farming,550,550,13,1,to buy mulch and manure to apply to her coffee plantation.,11
3216933,funded,Agriculture,Agriculture,Agriculture,Agriculture,275,275,10,1,to buy manure and apply on his coffee plantation.,9
3216935,funded,Agriculture,Agriculture,Agriculture,Agriculture,225,225,8,1,to buy manure and apply on his coffee plantation.,9
3216929,funded,Agriculture,Agriculture,Agriculture,Farm Supplies,275,275,9,1,to buy manure and apply it to her banana plantation.,10
3216930,fundraising,Retail,Retail,Business,Retail,1350,0,0,1,"to buy more stock of soft drinks, soap, cooking oil, sugar and posho.",13
3216931,fundraising,Agriculture,Agriculture,Agriculture,Agriculture,550,150,6,1,to buy and apply manure on his coffee plantation.,9
3216927,fundraising,Agriculture,Agriculture,Agriculture,Farm Supplies,800,25,1,1,to purchase another piece of land for banana plantation.,9
3216923,funded,Agriculture,Agriculture,Agriculture,Farm Supplies,675,675,24,1,to purchase manure and mulch for the coffee plantation.,9
3216921,funded,Agriculture,Agriculture,Agriculture,Farming,400,400,10,1,to buy manure to add to his banana plantation.,9
3216926,funded,Agriculture,Agriculture,Agriculture,Farming,175,175,4,1,to buy manure for her coffee plantation.,7
3216924,funded,Agriculture,Agriculture,Agriculture,Agriculture,200,200,5,1,to purchase manure for her banana plantation.,7
3216917,fundraising,Services,Services,Business,Tailoring,800,425,12,1,to buy a machine for her tailoring business.,8
3216913,funded,Food,Food,Personal,Restaurant,800,800,23,1,"to purchase matooke, rice, posho, and cooking oil for her restaurant.",11
3216919,funded,Agriculture,Agriculture,Agriculture,Animal Sales,300,300,10,1,to buy goats for rearing.,5
3216914,funded,Clothing,Clothing,Personal,Clothing Sales,800,800,25,1,to buy more clothes to restock her boutique business.,9
3216915,fundraising,Agriculture,Agriculture,Agriculture,Dairy,1350,0,0,1,to purchase more dairy cows.,5
3216910,funded,Agriculture,Agriculture,Agriculture,Farming,400,400,11,1,to purchase manure for her coffee plantation.,7
3216912,funded,Services,Services,Business,Tailoring,550,550,18,1,to buy more fabric to supply her tailoring business.,9
3216908,funded,Agriculture,Agriculture,Agriculture,Farm Supplies,400,400,15,1,to buy manure for her banana plantation.,7
3216909,fundraising,Food,Food,Personal,Cereals,2275,1800,30,1,to purchase more beans for his produce business.,8
3216904,funded,Agriculture,Agriculture,Agriculture,Farm Supplies,150,150,3,1,to purchase manure for the banana plantation.,7
3216906,fundraising,Retail,Retail,Business,Retail,1350,75,3,1,"to buy beer, wasabi and other alcoholic beverages for a bar.",11
3216903,fundraising,Agriculture,Agriculture,Agriculture,Cattle,800,25,1,1,to purchase bullocks for fattening project.,6
3216902,funded,Agriculture,Agriculture,Agriculture,Farming,725,725,19,1,to buy manure for her banana plantation.,7
3216899,fundraising,Agriculture,Agriculture,Agriculture,Farming,1075,75,3,1,to buy manure for her coffee plantation.,7
3216895,fundraising,Agriculture,Agriculture,Agriculture,Agriculture,1350,0,0,1,to hire [rent] land for crop growing expansion.,8
3216887,funded,Health,Health,Personal,Natural Medicines,1200,1200,36,1,to buy more inventory of herbal medicines to sell.,9
3216883,funded,Agriculture,Agriculture,Agriculture,Farming,1200,1200,16,1,to buy fertilizers to add in her coffee plantation.,9
3216884,funded,Agriculture,Agriculture,Agriculture,Farm Supplies,550,550,7,1,"to buy manure fertilizers, mulches, and pruners for her coffee plantation.",11
3216874,fundraising,Agriculture,Agriculture,Agriculture,Farming,1200,50,2,1,to purchase manure for her banana plantation.,7
3216879,fundraising,Agriculture,Agriculture,Agriculture,Cattle,1875,25,1,1,to buy more cattle for fattening and reselling.,8
3216870,fundraising,Agriculture,Agriculture,Agriculture,Farming,1350,125,5,1,to buy manure for his banana plantation.,7
3216875,funded,Agriculture,Agriculture,Agriculture,Farming,275,275,4,1,to buy mulch for her banana plantation.,7
3216872,fundraising,Food,Food,Personal,Food,800,25,1,1,to buy more coffee from farmers for trading.,8
3216862,fundraising,Agriculture,Agriculture,Agriculture,Farming,2100,900,22,7,to purchase manure for her banana plantation.,7
3216845,funded,Agriculture,Agriculture,Agriculture,Farming,550,550,10,1,to buy mulch to add to her banana plantation for improved harvests.,12
3216853,funded,Agriculture,Agriculture,Agriculture,Farming,400,400,13,1,to buy manure for his banana plantation.,7
3216859,fundraising,Agriculture,Agriculture,Agriculture,Farming,1200,0,0,1,to purchase mulches for coffee improvement on his farm.,9
3216851,funded,Agriculture,Agriculture,Agriculture,Farming,875,875,12,5,"to purchase seasonal harvests like beans, maize, groundnuts and soap for her retail shop.",14
3216848,funded,Retail,Retail,Business,General Store,550,550,3,1,"to buy sodas, rice and sugar to add in her retail shop.",12
3216840,funded,Agriculture,Agriculture,Agriculture,Farming,550,550,7,1,to buy manure and mulches to apply to her banana plantation’s land.,12
3216836,fundraising,Agriculture,Agriculture,Agriculture,Farming,875,450,16,1,to buy manure and mulches to improve her plantation’s fertility.,10
3216839,funded,Agriculture,Agriculture,Agriculture,Farming,275,275,10,1,to buy mulch for the banana plantation and increase output.,10
3216841,fundraising,Agriculture,Agriculture,Agriculture,Farming,1350,0,0,1,to buy mulch and manure to apply to his banana plantation and increase output.,14
3216669,fundraising,Agriculture,Agriculture,Agriculture,Farming,1350,25,1,1,to purchase mulches for his coffee plantation.,7
3216833,fundraising,Services,Services,Business,Barber Shop,950,50,2,1,"to buy trim seaters, barber towels, spirits, clipper guards, and trimmers for his shop.",14
3216832,funded,Agriculture,Agriculture,Agriculture,Farming,550,550,3,1,to buy manure and mulch for her coffee plantation.,9
3216827,fundraising,Agriculture,Agriculture,Agriculture,Farming,1500,250,6,10,to buy and apply manure to her banana plantation.,9
3216825,funded,Retail,Retail,Business,Retail,725,725,21,5,"to purchase posho, rice, sugar and soap to sell in her retail shop.",13
3216824,funded,Agriculture,Agriculture,Agriculture,Farming,275,275,9,1,to buy mulch to add in her banana plantation for improved harvests.,12
3216763,fundraising,Agriculture,Agriculture,Agriculture,Farming,625,0,0,1,"to buy manure, fertilizers, and mulches for her banana plantation.",10
3216776,fundraising,Agriculture,Agriculture,Agriculture,Farm Supplies,800,100,4,1,to buy mulch and manure for his banana plantation to improve the harvest.,13
3216772,funded,Retail,Retail,Business,Retail,275,275,11,1,"to buy mineral water, soft drinks, sodas, beers, beer mugs, local brew, and glasses to sell.",16
3216775,fundraising,Agriculture,Agriculture,Agriculture,Farming,1350,0,0,1,to buy manure for his coffee plantation.,7
3216773,funded,Retail,Retail,Business,Retail,400,400,10,1,"to buy soap, salt, sodas, soft drinks, mineral water, books, pens, sugar and sweets for resale in her shop.",19
3216752,funded,Services,Services,Business,Bicycle Repair,550,550,17,1,to purchase spare parts for his bicycle repair business.,9
3216771,funded,Retail,Retail,Business,Shoe Sales,550,550,6,1,to buy more stock of shoes to sell.,8
3216768,fundraising,Agriculture,Agriculture,Agriculture,Farming,800,25,1,1,to purchase fertilizers for his coffee plantation.,7
3216770,fundraising,Clothing,Clothing,Personal,Clothing Sales,1350,0,0,1,to buy more more fashionable clothes for both ladies and gents.,11
3216767,fundraising,Agriculture,Agriculture,Agriculture,Cattle,800,0,0,1,to buy more cattle for fattening and reselling.,8
3216761,funded,Agriculture,Agriculture,Agriculture,Farming,400,400,8,1,to buy manure for his coffee farm.,7
3216766,fundraising,Agriculture,Agriculture,Agriculture,Farming,875,175,7,1,to buy manure to apply on her coffee and banana plantation and increase her yields.,15
3216765,fundraising,Retail,Retail,Business,Retail,1350,0,0,1,"to buy more beer, soda and water to sell in her bar.",12
3216759,fundraising,Agriculture,Agriculture,Agriculture,Farming,950,0,0,1,to purchase mulch and manure for his coffee farm.,9
3216760,funded,Agriculture,Agriculture,Agriculture,Farming,350,350,10,1,to purchase mulch for his coffee plantation.,7
3216756,funded,Agriculture,Agriculture,Agriculture,Farming,450,450,14,1,to purchase manure and mulch to add in his banana plantation.,11
3216757,fundraising,Agriculture,Agriculture,Agriculture,Farming,2150,25,1,1,to buy manure for her banana plantation.,7
3216758,fundraising,Agriculture,Agriculture,Agriculture,Farming,1075,0,0,1,to buy land and expand his agricultural activities.,8
3216755,fundraising,Agriculture,Agriculture,Agriculture,Farming,1350,0,0,1,to purchase manure and mulch to add in his coffee plantation.,11
3216754,fundraising,Food,Food,Personal,Cereals,1075,100,4,1,to buy maize for his produce business.,7
3216749,fundraising,Agriculture,Agriculture,Agriculture,Farming,1350,75,3,1,to buy manure for her banana plantation.,7
3216750,funded,Agriculture,Agriculture,Agriculture,Agriculture,1200,1200,26,1,to buy manure for her banana plantation.,7
3216716,fundraising,Agriculture,Agriculture,Agriculture,Farm Supplies,1350,50,1,1,to buy manure for her banana plantation thereby increasing the yield and her income.,14
3216660,fundraising,Retail,Retail,Business,General Store,1350,325,6,1,"to buy sugar, salt, soap, bakery products, and beverages for resale.",11
3216653,funded,Agriculture,Agriculture,Agriculture,Farming,1075,1075,23,1,to buy land for coffee farming.,6
3216656,fundraising,Agriculture,Agriculture,Agriculture,Cattle,1350,200,1,1,to buy bulls for fattening and resale improving family income.,10
3216629,fundraising,Food,Food,Personal,Food Market,1350,935,32,1,"to purchase beans, rice, posho, sugar and other things for her retail business.",13
3216040,funded,Water,Other,Personal,Water Storage/Harvesting,400,400,10,1,buy a tank for harvesting water.,6
3216038,funded,Health,Health,Personal,Pharmacy,400,400,7,1,buy more medicine to sell.,5
3216037,fundraising,Food,Food,Personal,Food Market,1075,150,3,1,buy more sacks of Irish potatoes and matooke to sell.,10
3216035,funded,Food,Food,Personal,Fish Selling,275,275,9,1,buy more fish for selling.,5
3216036,funded,Food,Food,Personal,Fruits & Vegetables,150,150,5,1,buy more fruit to sell.,5
3216033,funded,Food,Food,Personal,Restaurant,275,275,8,1,buy raw food for cooking.,5
3216032,funded,Retail,Retail,Business,Charcoal Sales,200,200,4,1,buy more sacks of charcoal to sell.,7
3216163,fundraising,Agriculture,Agriculture,Agriculture,Farming,1350,100,4,1,"to buy manure, fertilizer and mulch for her banana plantation.",10
3216205,funded,Agriculture,Agriculture,Agriculture,Farming,400,400,8,1,to purchase manure for his banana plantation.,7
3216198,funded,Agriculture,Agriculture,Agriculture,Farming,125,125,4,1,to purchase manure for her banana plantation.,7
3216197,funded,Agriculture,Agriculture,Agriculture,Farm Supplies,400,400,15,1,to purchase manure for her banana plantation.,7
3216202,fundraising,Agriculture,Agriculture,Agriculture,Farm Supplies,550,50,2,1,to buy manure and mulch to apply on his coffee plantation.,11
3216200,fundraising,Food,Food,Personal,Food Market,1350,0,0,1,"to purchase coffee, beans and ground nuts for her agro products business.",12
3216195,fundraising,Agriculture,Agriculture,Agriculture,Agriculture,675,25,1,1,to purchase manure for his banana plantation.,7
3216192,fundraising,Agriculture,Agriculture,Agriculture,Farming,550,125,5,1,to purchase manure for his banana plantation.,7
3216193,funded,Agriculture,Agriculture,Agriculture,Farming,400,400,14,1,to purchase manure for his banana plantation.,7
3216194,fundraising,Agriculture,Agriculture,Agriculture,Farming,1350,0,0,1,to purchase manure for his banana plantation.,7
3216188,funded,Agriculture,Agriculture,Agriculture,Farming,550,550,21,1,to purchase manure for his banana plantation.,7
3216191,funded,Agriculture,Agriculture,Agriculture,Farming,275,275,10,1,to purchase manure for his banana plantation.,7
3216189,fundraising,Agriculture,Agriculture,Agriculture,Cattle,1600,0,0,1,to purchase more cattle for fattening.,6
3216187,fundraising,Agriculture,Agriculture,Agriculture,Agriculture,1350,75,2,1,to buy a piece of land with a coffee plantation.,10
3216185,fundraising,Construction,Construction,Personal,Construction,800,50,2,1,"to buy cement, bricks and nails to finish constructing her house.",11
3216186,funded,Retail,Retail,Business,General Store,400,400,11,1,"to buy more soap, salt and sugar to add to her business.",12
3216184,funded,Agriculture,Agriculture,Agriculture,Farm Supplies,675,675,15,1,to buy manure to add in her banana plantation.,9
3216182,funded,Services,Services,Business,Barber Shop,400,400,8,1,to buy battery and machines for his saloon business.,9
3216181,funded,Agriculture,Agriculture,Agriculture,Farming,150,150,4,1,to buy manure to add in his banana plantation.,9
3216180,fundraising,Agriculture,Agriculture,Agriculture,Farming,1075,0,0,1,to buy fertilizers to add in her coffee plantation.,9
3216178,fundraising,Food,Food,Personal,Food Market,800,0,0,1,to buy more matooke to add in his matooke trading business.,11
3216177,fundraising,Agriculture,Agriculture,Agriculture,Agriculture,1350,0,0,1,to buy land  to plant bananas.,6
3216176,fundraising,Retail,Retail,Business,Retail,1350,0,0,1,"to buy posho, rice, and soap to sell in her shop.",11
3216174,funded,Services,Services,Business,Beauty Salon,400,400,8,1,"to buy more chairs, hair shampoos, and towels to add to his salon business.",14
3216173,fundraising,Agriculture,Agriculture,Agriculture,Cattle,2150,25,1,1,to buy bulls to fatten and resell.,7
3216175,fundraising,Agriculture,Agriculture,Agriculture,Farm Supplies,800,75,3,1,to buy manure for his banana plantation.,7
3216172,fundraising,Agriculture,Agriculture,Agriculture,Cattle,800,50,2,1,to purchase bullocks to fatten and resell.,7
3216169,fundraising,Agriculture,Agriculture,Agriculture,Farm Supplies,800,25,1,1,"to buy manure, fertilizers, and mulch and to pay for labour.",11
3216168,fundraising,Agriculture,Agriculture,Agriculture,Farming,800,50,2,1,"to buy manure, fertilizers, mulch, and pesticides for her coffee plantation.",11
3216166,funded,Agriculture,Agriculture,Agriculture,Farm Supplies,675,675,19,1,"to buy manure, fertilizers, mulch, sprayers and pesticides.",8
3216164,fundraising,Agriculture,Agriculture,Agriculture,Farming,800,25,1,1,to buy manure to improve yields on his banana plantation.,10
3216165,funded,Agriculture,Agriculture,Agriculture,Farming,375,375,10,1,"to buy mulch, pesticides, manure, and sprayers for his coffee plantation.",11
3216161,funded,Food,Food,Personal,Bakery,800,800,25,1,"to buy baking materials like baking flour, sugar, yeast and sugar.",11
3216162,fundraising,Health,Health,Personal,Medical Clinic,1875,650,22,1,to purchase more drugs to sell in his drugstore.,9
3216158,fundraising,Clothing,Clothing,Personal,Clothing Sales,1075,0,0,1,to buy more dresses and shirts to add to her botique.,11
3216143,funded,Agriculture,Agriculture,Agriculture,Farming,450,450,15,1,to buy manure to improve his coffee output.,8
3216144,funded,Agriculture,Agriculture,Agriculture,Farm Supplies,400,400,16,1,"to buy manure fertilizers, pesticides, mulches, and pruners, and pay laborers for her coffee plantation.",15
3216142,funded,Agriculture,Agriculture,Agriculture,Farming,400,400,14,1,to buy manure and apply on his coffee plantation.,9
3216139,funded,Agriculture,Agriculture,Agriculture,Cattle,400,400,6,1,to buy bullocks for fattening.,5
3216140,funded,Agriculture,Agriculture,Agriculture,Animal Sales,550,550,20,1,to purchase goats for resale.,5
3216137,funded,Agriculture,Agriculture,Agriculture,Farm Supplies,275,275,9,1,to buy fertiliser to improve harvests on his coffee plantation.,10
3216135,funded,Food,Food,Personal,Catering,550,550,10,1,"to buy more cups, flasks and plates to use in her business.",12
3216136,funded,Agriculture,Agriculture,Agriculture,Farm Supplies,275,275,9,1,to buy fertilizers and mulch to add in his banana and coffee plantation.,13
3216130,fundraising,Agriculture,Agriculture,Agriculture,Agriculture,1350,0,0,1,to buy another piece of land with a coffee plantation to increase productivity.,13
3216132,funded,Water,Other,Personal,Water Pumps & Irrigation,950,950,21,1,to set up an irrigation system for his coffee plantation.,10
3216129,fundraising,Food,Food,Personal,Beverages,800,300,10,1,to buy more stock of beverages and increase income.,9
3216069,funded,Retail,Retail,Business,Retail,225,225,2,1,buy more charcoal and raw food to sell..,8
3216074,funded,Retail,Retail,Business,Bookstore,550,550,2,1,to buy more scholarstic materials to sell.,7
3216071,funded,Food,Food,Personal,Grocery Store,225,225,7,1,buy more vegetables and fruits for sale.,7
3216072,funded,Food,Food,Personal,Grocery Store,275,275,5,1,to buy more general merchandise to sell.,7
3216062,funded,Food,Food,Personal,Food,400,400,12,1,buy more snacks to sell.,5
3216049,fundraising,Food,Food,Personal,Beverages,550,125,5,1,"buy more sodas, water, and energy drinks to sell.",9
3216041,fundraising,Food,Food,Personal,Milk Sales,1350,100,3,1,buy a milk cooking can.,5
3214896,funded,Retail,Retail,Business,Retail,425,425,14,1,to buy more stock for her business.,7
3214892,funded,Retail,Retail,Business,General Store,1625,1625,24,1,to add stock to her business.,6
3215756,funded,Retail,Retail,Business,Retail,150,150,3,1,to buy an assortment of merchandise to sell to generate revenue.,11
3200184,funded,Food,Food,Personal,Food,200,200,7,1,"to buy crates of soda, fruits, and boxes of water for selling.",12
3215743,funded,Retail,Retail,Business,General Store,1600,1600,40,1,to add stock to the business.,6
3212087,fundraising,Water,Other,Personal,Community Water Distribution,4900,1975,49,1,to buy refillable bottles to reach more customers who could not previously afford clean drinking water.,16
3212070,fundraising,Water,Other,Personal,Community Water Distribution,4975,2340,60,1,to buy refillable bottles to reach more customers who could not previously afford clean drinking water.,16
3215690,funded,Agriculture,Agriculture,Agriculture,Poultry,1075,1075,10,1,to buy poultry and feed.,5
3214443,funded,Food,Food,Personal,Grocery Store,275,275,10,1,"buy more tomatoes, matooke and onions to sell.",8
3214442,funded,Clothing,Clothing,Personal,Clothing Sales,425,425,14,1,to buy more clothes to sell.,6
3210724,fundraising,Retail,Retail,Business,General Store,550,350,10,1,to buy stock to generate more revenue.,7
3210329,fundraising,Agriculture,Agriculture,Agriculture,Farming,1625,1075,27,1,to buy manure and mulches to improve soils for farming.,10
3200179,funded,Food,Food,Personal,Milk Sales,150,150,2,1,to purchase a fridge to support milk preservation.,8
3214972,funded,Food,Food,Personal,Food Stall,100,100,4,1,to buy more stock for her business.,7
3214969,funded,Retail,Retail,Business,Retail,100,100,3,1,to buy more stock for her business.,7
3214954,funded,Food,Food,Personal,Food Production/Sales,100,100,4,1,to buy more stock for her business.,7
3214947,funded,Retail,Retail,Business,Retail,100,100,1,1,to buy more stock for her business.,7
3214956,funded,Retail,Retail,Business,Retail,100,100,4,1,to buy more stock for her business.,7
3214916,fundraising,Retail,Retail,Business,Retail,4050,190,7,1,to buy more stock for his business.,7
3214904,funded,Retail,Retail,Business,General Store,1625,1625,52,1,to add stock to the business.,6
3214861,funded,Retail,Retail,Business,General Store,1100,1100,17,1,to add stock to the business.,6
3214828,funded,Manufacturing,Other,Personal,Furniture Making,825,825,15,1,to purchase materials to expand his carpentry business.,8
3214437,funded,Clothing,Clothing,Personal,Clothing Sales,275,275,10,1,to buy more clothes to sell.,6
3214438,funded,Food,Food,Personal,Fish Selling,100,100,4,1,to buy more fish to sell.,6
3214433,funded,Retail,Retail,Business,Retail,175,175,6,1,to buy more snacks to sell.,6
3214330,fundraising,Clothing,Clothing,Personal,Clothing Sales,1075,0,0,1,to buy more shirts and trousers to sell.,8
3213347,funded,Water,Other,Personal,Community Water Distribution,15550,15550,449,1,"to launch a safe drinking water business, serving the community and providing employment.",13
3199208,funded,Food,Food,Personal,Fish Selling,225,225,8,1,to buy more fish for resale.,6
3214428,funded,Food,Food,Personal,Cereals,275,275,5,1,to buy more maize for roasting.,6
3214421,fundraising,Retail,Retail,Business,Retail,1350,150,4,1,buy more stock for her shop.,6
3214420,funded,Food,Food,Personal,Restaurant,150,150,2,1,buy raw food for cooking.,5
3214409,funded,Food,Food,Personal,Restaurant,225,225,2,1,buy raw food for cooking.,5
3214360,fundraising,Agriculture,Agriculture,Agriculture,Farming,425,100,4,1,to buy fertilizers to add to his coffee plantation.,9
3214358,funded,Agriculture,Agriculture,Agriculture,Farm Supplies,825,825,14,1,to buy manure to add to her banana plantation.,9
3214356,funded,Agriculture,Agriculture,Agriculture,Farming,550,550,17,1,to buy manure to add in his coffee plantation for improved harvests.,12
3214354,funded,Agriculture,Agriculture,Agriculture,Farming,225,225,7,1,to buy manure to add in her banana plantation for improved harvests.,12
3214352,funded,Food,Food,Personal,Food Market,275,275,11,1,to grow more bananas so as to increase sales in her banana trading business.,14
3214351,fundraising,Retail,Retail,Business,Cosmetics Sales,1350,0,0,1,"to buy more creams, shampoos, hair oils, hair sprays, leave ins, conditioners and moisturizers for her shop.",17
3214348,fundraising,Agriculture,Agriculture,Agriculture,Farming,675,0,0,1,"to buy manure, mulches, fertilizers, pruners, pesticides and sprayers.",9
3214339,funded,Agriculture,Agriculture,Agriculture,Animal Sales,1075,1075,10,1,"to buy more goats and feed, and build a shelter for her goat project.",14
3214065,fundraising,Food,Food,Personal,Milk Sales,1075,375,12,1,to buy more stock for his business.,7
3214043,fundraising,Retail,Retail,Business,Retail,1625,100,4,1,to buy more stock for his business.,7
3213992,funded,Agriculture,Agriculture,Agriculture,Farming,425,425,13,1,to purchase fertilizers and manure and to clear his land for planting.,12
3210710,funded,Housing,Housing,Personal,Personal Housing Expenses,575,575,14,1,to roof his house.,4
3213590,fundraising,Housing,Housing,Personal,Property,1350,750,23,1,to renovate rental houses.,4
3210062,fundraising,Agriculture,Agriculture,Agriculture,Farming,1375,175,3,1,to purchase manure and mulches to improve the soil for farming better harvests to sell.,15
3213586,funded,Retail,Retail,Business,General Store,275,275,9,1,buy more stock for the shop.,6
3213589,funded,Retail,Retail,Business,Charcoal Sales,425,425,5,1,to buy more sacks of charcoal to sell.,8
3213584,funded,Services,Services,Business,Laundry,125,125,4,1,to buy materials for cleaning.,5
3213585,funded,Agriculture,Agriculture,Agriculture,Poultry,550,550,5,1,to buy chicken feed.,4
3213581,fundraising,Retail,Retail,Business,Retail,550,300,9,1,buy additional stock for her shop.,6
3213576,fundraising,Retail,Retail,Business,General Store,550,200,5,1,to buy more inventory for the shop.,7
3213575,funded,Health,Health,Personal,Medical Clinic,950,950,29,1,to purchase medicine and sundries.,5
3213571,fundraising,Food,Food,Personal,Restaurant,825,0,0,1,to buy raw food for cooking.,6
3213568,funded,Retail,Retail,Business,Retail,325,325,4,1,to buy more polythene bags for resale.,7
3213567,funded,Education,Other,Personal,Education provider,275,275,5,1,"to buy more items for the school's business, to enable students to study.",13
3213556,funded,Services,Services,Business,Tailoring,1100,1100,13,1,to purchase enough clothing patterns to make new dresses for sale.,11
3213566,funded,Food,Food,Personal,Fish Selling,275,275,3,1,"to buy more fish for sale,.",6
3213564,funded,Retail,Retail,Business,Retail,275,275,2,1,buy more stock for the shop.,6
3213554,funded,Services,Services,Business,Mobile Transactions,325,325,12,1,to purchase for more float and have cash for the business transactions.,12
3213555,funded,Services,Services,Business,Mobile Transactions,275,275,8,1,to purchase for more float and have cash for business transactions.,11
3213553,funded,Services,Services,Business,Mobile Transactions,175,175,7,1,to purchase for more float and have cash for the business transactions.,12
3213513,funded,Food,Food,Personal,Catering,175,175,4,1,"to buy more wheat flour, cooking oil and cassava, to increase food sales.",13
3210072,fundraising,Agriculture,Agriculture,Agriculture,Farming,1375,350,8,1,to buy mulch and manure to improve soil for healthy coffee growing.,12
3213507,funded,Retail,Retail,Business,Charcoal Sales,225,225,6,1,to purchase more charcoal for resale.,6
3210016,funded,Agriculture,Agriculture,Agriculture,Farming,1375,1375,46,1,to buy manure and mulches to improve the soil for healthy harvests to sell.,14
3213500,funded,Agriculture,Agriculture,Agriculture,Poultry,275,275,10,1,"to purchase essential items like chicks, feed, housing, and feeders.",10
3210697,fundraising,Retail,Retail,Business,Electronics Sales,825,25,1,1,to buy more electronics to sell and generate revenue.,9
3209996,fundraising,Agriculture,Agriculture,Agriculture,Animal Sales,2175,0,0,1,to buy more cows for fattening and sell to generate revenue.,11
3209992,fundraising,Agriculture,Agriculture,Agriculture,Livestock,2725,350,14,1,to buy more cows for fattening and sell to generate revenue.,11
3199204,funded,Food,Food,Personal,Grocery Store,150,150,1,1,"to purchase more bananas, including Matooke commonly known as plantain, a staple.",12
3208779,funded,Agriculture,Agriculture,Agriculture,Dairy,700,700,21,1,to buy dairy cows for milk production and to sell to generate revenue.,13
3208698,funded,Agriculture,Agriculture,Agriculture,Farming,825,825,26,1,to buy more land for farming and seedlings to grow more coffee to sell.,14
3208691,fundraising,Agriculture,Agriculture,Agriculture,Farming,3000,200,4,1,to buy manure to improve soil to grow healthy onions to sell to generate revenue.,15
3208572,fundraising,Services,Services,Business,Mobile Transactions,2725,50,1,1,to add working capital in business to serve her customers better.,11
3210012,funded,Agriculture,Agriculture,Agriculture,Farm Supplies,825,825,19,1,"to buy manure to improve her soil, leading to better harvests to sell.",13
3208766,fundraising,Agriculture,Agriculture,Agriculture,Animal Sales,1100,25,1,1,"to buy more cows to fatten and sell, generating income.",10
3208429,funded,Retail,Retail,Business,Shoe Sales,550,550,12,1,to buy more shoes to sell and generate revenue.,9
3208404,funded,Food,Food,Personal,Food Stall,825,825,25,1,to buy more fresh food to sell and generate revenue.,10
3208712,fundraising,Agriculture,Agriculture,Agriculture,Farm Supplies,2175,50,2,1,to buy fertilizers to improve soils for farming to create better harvests to sell.,14
3208679,fundraising,Agriculture,Agriculture,Agriculture,Farming,1625,75,3,1,to buy manure and fertilizers to improve soils for farming and create better harvests to sell.,16
3208663,funded,Agriculture,Agriculture,Agriculture,Poultry,1625,1625,56,1,"to buy more poultry birds to rear, and mixed feeds to rear them healthy for selling.",16
3208635,funded,Agriculture,Agriculture,Agriculture,Farming,825,825,26,1,to buy manure and mulches to improve soils for healthy harvests.,11
3208615,funded,Agriculture,Agriculture,Agriculture,Farm Supplies,4075,4075,90,1,to buy fertilizers to improve soils for farming and create better harvests to sell.,14
3208461,fundraising,Construction,Construction,Personal,Construction Supplies,1100,100,2,1,to meet renovation expenses and earn income from rental houses.,10
3208603,fundraising,Retail,Retail,Business,Spare Parts,1375,25,1,1,to buy more spare parts to sell to generate revenue.,10
3208069,fundraising,Construction,Construction,Personal,Construction,1375,275,2,1,to buy construction materials to renovate rentals to get better returns from them.,13
3208086,fundraising,Food,Food,Personal,Food Production/Sales,4075,0,0,1,to buy more maize produce to sell and generate revenue.,10
3208393,fundraising,Agriculture,Agriculture,Agriculture,Poultry,2725,0,0,1,"to buy poultry feed and chicks to raise and sell, generating income.",12
3208442,fundraising,Retail,Retail,Business,Spare Parts,4075,25,1,1,to buy more spare parts to sell to generate revenue.,10
3208060,fundraising,Retail,Retail,Business,Plastics Sales,2175,250,9,1,to buy more plastics to sell and generate revenue.,9
3208066,fundraising,Services,Services,Business,Vehicle Repairs,3275,0,0,1,to meet repair expenses to resume work and earn a living.,11
3208041,fundraising,Clothing,Clothing,Personal,Clothing Sales,1925,150,3,1,to buy more clothes to sell and generate revenue.,9
3207903,fundraising,Retail,Retail,Business,Mobile Phones,4075,450,3,1,to buy more mobile phones to sell and generate revenue.,10
3207900,funded,Clothing,Clothing,Personal,Clothing Sales,1375,1375,37,1,to buy fashionable clothes to sell and generate revenue.,9
3207898,funded,Retail,Retail,Business,Hardware,825,825,26,1,to restock his hardware business with fast moving items such as paint and cement to sell and generate revenue.,19
3207889,fundraising,Housing,Housing,Personal,Personal Housing Expenses,3275,350,11,1,to fund residential house construction to give his children a permanent place to call home.,15
3207887,fundraising,Services,Services,Business,Hotel,4075,640,16,1,to meet roof repair costs to make the rooms more comfortable to stay in.,14
3207894,fundraising,Services,Services,Business,Mobile Transactions,2050,150,4,1,to add float on mobile lines to serve customers better to fetch more cash inflows.,15
3207875,fundraising,Retail,Retail,Business,Retail,1925,0,0,1,to buy bedding and plastic goods to sell.,8
3207772,funded,Agriculture,Agriculture,Agriculture,Agriculture,2725,2725,57,1,to buy manure for cultivating maize and mixed feed for her pigs.,12
3207751,fundraising,Agriculture,Agriculture,Agriculture,Farming,1375,100,3,1,to buy fertilizers to improve the soil for cultivating maize.,10
3212811,funded,Services,Services,Business,Beauty Salon,175,175,7,1,"to buy essential equipment for the salon, such as styling chairs, shampoo stations, and hairdryers.",15
3212812,funded,Services,Services,Business,Beauty Salon,425,425,15,1,"to buy essential equipment for the salon, such as styling chairs, shampoo stations, hairdryers, and mirrors.",16
3212808,funded,Services,Services,Business,Beauty Salon,225,225,6,1,to buy essential equipment like professional nail tools.,8
3212804,funded,Retail,Retail,Business,General Store,425,425,11,1,"to purchase more household supplies like rice, pasta, snacks, cooking oils, and salad dressings.",14
3212806,funded,Retail,Retail,Business,General Store,275,275,9,1,to purchase more household supplies like rice.,7
3212781,fundraising,Food,Food,Personal,Grocery Store,1100,300,3,1,"to purchase more bananas (including Matooke, commonly known as plantain).",10
3212749,funded,Health,Health,Personal,Medical Clinic,825,825,22,1,to buy medicine for the clinic and other items.,9
3199202,funded,Retail,Retail,Business,Retail,425,425,12,1,to buy more books and text books for resale.,9
3199194,funded,Clothing,Clothing,Personal,Clothing Sales,175,175,6,1,"to purchase more fashionable dresses, tops, and bottoms to resell.",10
3199195,funded,Clothing,Clothing,Personal,Clothing Sales,625,625,6,1,"to purchase more fashionable dresses, tops and bottoms for resale.",10
3199193,funded,Clothing,Clothing,Personal,Clothing Sales,150,150,5,1,"to purchase more fashionable dresses, tops, and bottoms to resell.",10
3198569,funded,Food,Food,Personal,Grocery Store,550,550,18,1,to purchase more household supplies like rice and pasta.,9
3199192,funded,Services,Services,Business,Tailoring,425,425,12,1,to purchase more clothes for making new dresses.,8
3212564,funded,Food,Food,Personal,Food,1100,1100,33,1,to add stock to her retail business.,7
3211972,funded,Housing,Housing,Personal,Personal Housing Expenses,825,825,18,1,"to buy cement, sand, and pay labor to construct a residential house.",12
3211970,fundraising,Services,Services,Business,Beauty Salon,1750,500,10,6,"to buy hair braids, hair sprays, a hand dryer, and shampoo for her salon.",14
3211974,fundraising,Agriculture,Agriculture,Agriculture,Cattle,2050,0,0,1,to buy bulls.,3
3212390,funded,Services,Services,Business,Tailoring,825,825,28,1,to buy more stock for his business.,7
3212027,fundraising,Manufacturing,Other,Personal,Furniture Making,1775,1275,31,1,to buy more items to make furniture.,7
3206048,fundraising,Retail,Retail,Business,Cloth & Dressmaking Supplies,825,375,12,1,to buy more textiles to sell to generate revenue.,9
3198548,funded,Food,Food,Personal,Milk Sales,550,550,14,1,to buy more milk to sell.,6
3212026,fundraising,Food,Food,Personal,Beverages,550,75,2,1,"to buy more soda, water, and spirits to sell.",9
3212051,funded,Services,Services,Business,Tailoring,950,950,24,1,to purchase new textile materials to meet the different needs and demands of her customers.,15
3212081,funded,Water,Other,Personal,Community Water Distribution,3000,3000,79,1,to buy a tricycle.,4
3212050,fundraising,Agriculture,Agriculture,Agriculture,Farming,1225,150,3,1,to buy mulches for the improvement of his coffee plantation.,10
3212042,funded,Agriculture,Agriculture,Agriculture,Animal Sales,275,275,2,1,"to buy supplies like feed, veterinary care, and potentially land or facilities.",12
3212041,funded,Agriculture,Agriculture,Agriculture,Farming,550,550,17,1,to buy fertilizers for improvement of his coffee plantation.,9
3212037,funded,Agriculture,Agriculture,Agriculture,Farming,625,625,23,1,to buy a piece of land with a coffee plantation.,10
3212038,fundraising,Agriculture,Agriculture,Agriculture,Farming,1625,0,0,1,to buy pesticides and herbicides to improve his banana plantation.,10
3212029,fundraising,Retail,Retail,Business,General Store,825,100,4,1,"to buy soft drinks, cooking oil, salt, sugar, maize flour, millet flour and curry powder for her retail shop.",19
3212034,funded,Food,Food,Personal,Catering,550,550,6,1,to buy more bags of Irish potatoes to fry chicken and chips.,12
3212022,fundraising,Agriculture,Agriculture,Agriculture,Farming,2175,50,2,1,to purchase coffee pesticides for his crops.,7
3212025,fundraising,Agriculture,Agriculture,Agriculture,Farming,1100,0,0,1,to purchase land with a banana and coffee plantation.,9
3212003,fundraising,Agriculture,Agriculture,Agriculture,Farming,1100,400,11,1,to buy manure for her coffee and banana plantation.,9
3212023,fundraising,Food,Food,Personal,Restaurant,825,150,3,1,to construct a building for the restaurant.,7
3212018,fundraising,Clothing,Clothing,Personal,Clothing Sales,825,50,2,1,buy more clothes to sell.,5
3212013,funded,Agriculture,Agriculture,Agriculture,Farming,550,550,15,4,to buy manure for her banana plantation.,7
3212017,funded,Agriculture,Agriculture,Agriculture,Cattle,425,425,11,1,to buy two bullocks for his fattening business.,8
3212011,funded,Agriculture,Agriculture,Agriculture,Farm Supplies,775,775,21,4,to buy manure for her coffee plantation.,7
3212006,funded,Reuse & Recycle,Other,Personal,Used Clothing,825,825,14,1,to buy secondhand clothes to resell.,6
3212016,funded,Food,Food,Personal,Pub,550,550,6,1,buy a fridge.,3
3212014,fundraising,Housing,Housing,Personal,Personal Housing Expenses,1100,225,9,1,to renovate her rental houses.,5
3212009,funded,Retail,Retail,Business,Hardware,550,550,11,1,"to add more capital into her business,.",7
3212007,funded,Transportation,Other,Personal,Motorcycle Transport,550,550,6,1,to carryout motorcycle repairs.,4
3212004,funded,Clothing,Clothing,Personal,Clothing Sales,825,825,14,1,"to buy shoes, bags and clothes for her boutique business.",10
3212002,funded,Agriculture,Agriculture,Agriculture,Pigs,425,425,10,1,to buy more pigs and expand his pork joint business.,10
3211999,fundraising,Agriculture,Agriculture,Agriculture,Farming,550,25,1,1,to purchase farm inputs including fertilizers for his coffee plantation.,10
3211996,fundraising,Food,Food,Personal,Bakery,1375,125,4,1,to buy raw materials used in baking.,7
3211995,fundraising,Food,Food,Personal,Beverages,1225,50,2,1,"to buy more cartons of mineral water, sodas and energy drinks.",11
3211982,fundraising,Food,Food,Personal,Beverages,1100,25,1,1,to buy more soft drinks for her business.,8
3211976,fundraising,Clothing,Clothing,Personal,Clothing Sales,1900,250,9,1,to buy more baby clothes to sell at her shop.,10
3210671,funded,Food,Food,Personal,Food Market,1625,1625,33,1,to purchase a variety of dried foodstuffs to sell.,9
3211682,funded,Retail,Retail,Business,Charcoal Sales,1375,1375,34,1,to buy more stock for the business.,7
3207800,funded,Retail,Retail,Business,Cloth & Dressmaking Supplies,425,425,15,1,to buy more textiles to sell to generate revenue.,9
3199191,funded,Services,Services,Business,Tailoring,425,425,12,1,to purchase more clothes patterns for making new dresses.,9
3211669,fundraising,Retail,Retail,Business,Cosmetics Sales,2975,160,7,1,to buy more stock for his business.,7
3211664,funded,Food,Food,Personal,Food,425,425,12,1,to buy more stock for her business.,7
3211652,funded,Services,Services,Business,Tailoring,175,175,7,1,to buy more stock for his business.,7
3198549,funded,Clothing,Clothing,Personal,Clothing Sales,425,425,13,1,to buy more clothes for sale.,6
3210694,funded,Retail,Retail,Business,General Store,1100,1100,11,1,to add stock to the business.,6
3210336,funded,Agriculture,Agriculture,Agriculture,Farming,1625,1625,56,1,to buy seedlings to diversify his crops and increase sales.,10
3210324,funded,Agriculture,Agriculture,Agriculture,Poultry,1100,1100,29,1,to buy poultry and feed.,5
3209981,funded,Agriculture,Agriculture,Agriculture,Farming,125,125,3,1,to buy fertilizers to improve soils for healthy coffee growing.,10
3207082,funded,Agriculture,Agriculture,Agriculture,Farming,550,550,10,1,"to purchase agricultural inputs such as fertilizers, pesticides, and other essential farming supplies for maintaining her coffee crops.",18
3207785,funded,Food,Food,Personal,Cereals,550,550,18,1,to buy harvested maize for making posho to sell.,9
3199188,funded,Food,Food,Personal,Restaurant,175,175,6,1,"to buy matoke, posho, rice, beans, meat, peanut butter, onions, tomatoes, and spices to make the foods she sells in her cafeteria.",22
3198546,funded,Retail,Retail,Business,General Store,550,550,17,1,to buy more general merchandise to sell.,7
3207896,fundraising,Services,Services,Business,Vehicle Repairs,1100,25,1,1,to carryout general vehicle repairs to resume work and earn to survive.,12
3207890,fundraising,Housing,Housing,Personal,Property,825,200,4,1,to fund rental renovations.,4
3207853,fundraising,Retail,Retail,Business,Hardware,4075,0,0,1,to restock hardware and sell more items for income generation.,10
3207839,fundraising,Retail,Retail,Business,General Store,4075,75,1,1,to restock an assortment of merchandise for selling to generate revenue.,11
3207848,funded,Housing,Housing,Personal,Personal Housing Expenses,550,550,15,1,to complete a house for his family to have a permanent place of location.,14
3207835,fundraising,Agriculture,Agriculture,Agriculture,Animal Sales,1375,550,20,1,to buy more cows to fatten and sell to generate revenue.,11
3207829,fundraising,Food,Food,Personal,Cereals,4075,25,1,1,to buy more maize and bean produce for selling to generate revenue.,12
3207809,funded,Retail,Retail,Business,Retail,150,150,6,1,to restock an assortment of merchandise for sale to generate revenue.,11
3207792,funded,Agriculture,Agriculture,Agriculture,Animal Sales,425,425,11,1,to buy more cows to fatten and sell to generate revenue.,11
3207767,fundraising,Agriculture,Agriculture,Agriculture,Cattle,2725,1775,17,1,to buy more cows to fatten and sell.,8
3207752,fundraising,Retail,Retail,Business,General Store,2725,375,9,1,to restock her retail shop with an assortment of merchandise to sell.,12
3207743,funded,Retail,Retail,Business,General Store,275,275,11,1,to restock an assortment of merchandise to sell.,8
3207746,funded,Retail,Retail,Business,General Store,150,150,6,1,to restock an assortment of merchandise to sell.,8
3207147,fundraising,Retail,Retail,Business,Retail,1375,350,9,1,to restock an assortment of merchandise to sell.,8
3207100,funded,Agriculture,Agriculture,Agriculture,Farming,550,550,17,1,to buy fertilizers and mulch to improve the soil of his coffee farm.,13
3207122,fundraising,Agriculture,Agriculture,Agriculture,Cattle,2725,0,0,1,to buy more cows to fatten and sell to generate revenue.,11
3207085,fundraising,Agriculture,Agriculture,Agriculture,Farming,2725,100,4,1,"to buy farm land, fertilizers and mulches to improve soils for healthy coffee harvests.",14
3207102,funded,Agriculture,Agriculture,Agriculture,Farm Supplies,550,550,16,1,to buy NPK fertilizers to improve soils and harvests.,9
3207073,funded,Retail,Retail,Business,General Store,275,275,7,1,to buy an assortment of merchandise to sell at his retail shop.,12
3207076,funded,Agriculture,Agriculture,Agriculture,Animal Sales,1650,1650,44,1,to buy more cows for fattening and sell to generate revenue.,11
3207070,funded,Food,Food,Personal,Food Production/Sales,425,425,13,1,to buy more fresh food to sell and generate revenue.,10
3207004,funded,Agriculture,Agriculture,Agriculture,Livestock,275,275,8,1,to buy more goats to fatten and sell to generate revenue.,11
3207012,funded,Agriculture,Agriculture,Agriculture,Poultry,150,150,5,1,to buy chicks and mixed feed so that he can raise healthy chickens for egg production.,16
3207017,funded,Agriculture,Agriculture,Agriculture,Animal Sales,1100,1100,33,1,to buy more cows for fattening in order to sell them and generate revenue.,14
3198550,funded,Clothing,Clothing,Personal,Clothing Sales,275,275,8,1,to buy more clothes to sell.,6
3206139,funded,Food,Food,Personal,Food,1100,1100,30,1,to buy dry food to sell.,6
3206092,funded,Food,Food,Personal,Food Stall,1100,1100,38,1,to add stock to her business.,6
3205912,funded,Agriculture,Agriculture,Agriculture,Farming,825,825,17,1,to add stock to her business.,6
3205965,funded,Agriculture,Agriculture,Agriculture,Farming,975,975,34,1,to buy seedlings to diversify his crops and increase sales.,10
3199036,funded,Food,Food,Personal,Food,550,550,20,1,to add stock to the business.,6
3198267,funded,Food,Food,Personal,Food Stall,1100,1100,29,1,to add stock to the business.,6
3198309,funded,Food,Food,Personal,Food Stall,1100,1100,21,1,to add stock to the business.,6
3198250,funded,Food,Food,Personal,Food,1100,1100,15,1,to add stock to the business.,6
3198253,funded,Food,Food,Personal,Food,1100,1100,23,1,to add stock to the business.,6
3197751,funded,Food,Food,Personal,Restaurant,1100,1100,36,1,to add stock to the business.,6
3197769,funded,Food,Food,Personal,Restaurant,1650,1650,52,1,to add stock to the business.,6
3197704,funded,Services,Services,Business,Tailoring,1350,1350,46,1,to buy clothes fabrics.,4
3197688,funded,Agriculture,Agriculture,Agriculture,Poultry,825,825,25,1,to buy more livestock for her poultry farm.,8
3197669,funded,Retail,Retail,Business,General Store,825,825,22,1,to add stock to her business.,6
3197649,funded,Retail,Retail,Business,General Store,975,975,37,1,to add stock to the business.,6
3197624,funded,Food,Food,Personal,Food,1100,1100,30,1,to buy dry food to sell.,6
3197309,funded,Clothing,Clothing,Personal,Clothing Sales,1100,1100,27,1,"to buy clothes, fabrics, and other items for sell.",9
3196931,funded,Food,Food,Personal,Food,1100,1100,20,1,to add more stock to her business.,7
3196955,funded,Food,Food,Personal,Food,1100,1100,36,1,to add stock to the grain sales stall.,8
3196805,funded,Retail,Retail,Business,Shoe Sales,1100,1100,22,1,to buy a variety of shoes for sell.,8
3196685,funded,Retail,Retail,Business,General Store,1100,1100,11,1,to buy additional stock for his home goods business.,9
3196837,funded,Health,Health,Personal,Pharmacy,1100,1100,23,1,to buy medicine and other items for the pharmacy clinic.,10
3196170,funded,Food,Food,Personal,Food Production/Sales,825,825,11,1,to buy dry food and other items to sell.,9
3196676,funded,Agriculture,Agriculture,Agriculture,Poultry,1100,1100,14,1,to buy poultry and feeds.,5
3195884,funded,Agriculture,Agriculture,Agriculture,Livestock,475,475,14,1,to buy livestock.,3
3196139,funded,Construction,Construction,Personal,Bricks,1650,1650,38,1,to add capital in the brick laying business.,8
3195896,funded,Agriculture,Agriculture,Agriculture,Poultry,1100,1100,17,1,to buy more poultry and feed.,6
3195777,funded,Retail,Retail,Business,General Store,1650,1650,34,1,to add stock to his business.,6
3195844,funded,Construction,Construction,Personal,Bricks,1100,1100,15,1,to buy materials for brick laying.,6
3195743,funded,Agriculture,Agriculture,Agriculture,Poultry,2750,2750,75,1,to buy poultry and feed.,5
3195720,funded,Food,Food,Personal,Food,1100,1100,25,1,to buy dry food to sell.,6
3195672,funded,Retail,Retail,Business,Home Products Sales,1650,1650,44,1,to add stock to the business.,6
3195584,funded,Retail,Retail,Business,General Store,1100,1100,19,1,to add stock to the business.,6
3195639,funded,Food,Food,Personal,Food,1375,1375,28,1,to add stock to the business.,6
3195569,funded,Retail,Retail,Business,General Store,1650,1650,37,1,to add stock to the business.,6
3195576,fundraising,Food,Food,Personal,Food,2200,150,5,1,to add stock to the business.,6
3195565,fundraising,Retail,Retail,Business,General Store,1375,225,5,1,to add capital in the butcher shop.,7
3195373,funded,Health,Health,Personal,Medical Clinic,1375,1375,44,1,to buy medicine for the clinic and other items.,9
3195356,funded,Services,Services,Business,Bicycle Repair,550,550,11,1,to add more stock to the bicycle and motor cycle repair shop.,12
3195364,funded,Retail,Retail,Business,General Store,1100,1100,20,1,to add stock to the business.,6
3195353,funded,Retail,Retail,Business,General Store,550,550,8,1,to add stock to her business.,6
3195105,funded,Food,Food,Personal,Food Production/Sales,700,700,9,1,to add stock to her food sales business.,8
3195098,funded,Food,Food,Personal,Grocery Store,700,700,6,1,to add stock to the business.,6
3195064,funded,Retail,Retail,Business,General Store,1100,1100,12,1,to add stock to the business.,6
3194874,funded,Services,Services,Business,Sewing,550,550,10,1,to buy fabric and materials to sew and sell.,9
3194908,funded,Retail,Retail,Business,General Store,1100,1100,18,1,to add stock to his general store.,7
3194795,funded,Clothing,Clothing,Personal,Clothing Sales,825,825,24,1,"to buy clothes, fabrics and other items for sale.",9
3194832,funded,Agriculture,Agriculture,Agriculture,Poultry,1250,1250,28,1,to buy poultry and feeds.,5
3194788,funded,Clothing,Clothing,Personal,Clothing Sales,550,550,12,1,"to buy clothes, fabrics and other items for sale.",9
3194781,funded,Services,Services,Business,Tailoring,1100,1100,22,1,to buy fabric and materials to sew and sell.,9
3206948,funded,Agriculture,Agriculture,Agriculture,Animal Sales,700,700,16,1,to buy more cows for fattening to sell to generate revenue.,11
3206994,funded,Retail,Retail,Business,Retail,150,150,4,1,to restock an assortment of merchandise to sell to generate revenue.,11
3206979,funded,Food,Food,Personal,Fruits & Vegetables,150,150,4,1,to buy more sacks of fresh Irish potatoes to sell to generate revenue.,13
3206969,funded,Food,Food,Personal,Food,550,550,16,1,to pay for inventory to sell and generate revenue.,9
3206938,fundraising,Agriculture,Agriculture,Agriculture,Livestock,1100,425,16,1,to buy more goats for fattening to sell to generate revenue.,11
3206908,fundraising,Agriculture,Agriculture,Agriculture,Cattle,1375,0,0,1,to buy more cows for fattening to sell to generate revenue.,11
3206918,funded,Agriculture,Agriculture,Agriculture,Cattle,275,275,10,1,to buy more cows for fattening to sell to generate revenue.,11
3206882,funded,Food,Food,Personal,Pub,550,550,19,1,to buy a variety of drinks to sell and generate revenue.,11
3206853,fundraising,Agriculture,Agriculture,Agriculture,Farming,1375,0,0,1,to buy fertilizers and pesticides to grow healthy coffee to sell.,11
3206844,funded,Agriculture,Agriculture,Agriculture,Animal Sales,1375,1375,5,1,to buy more cows for fattening to sell to generate revenue.,11
3206775,fundraising,Services,Services,Business,Services,2725,150,5,1,to add working capital in business to serve customers better.,10
3206831,funded,Food,Food,Personal,Pub,1375,1375,38,1,to buy more drinks to sell and generate revenue.,9
3206794,funded,Agriculture,Agriculture,Agriculture,Poultry,275,275,8,1,to buy more birds to rear and sell to generate revenue.,11
3206787,funded,Clothing,Clothing,Personal,Clothing Sales,275,275,9,1,to buy more fashionable clothes to sell and generate revenue.,10
3206375,funded,Manufacturing,Other,Personal,Manufacturing,825,825,11,1,to buy mattresses and foam products to make mattresses to sell to generate revenue.,14
3206355,funded,Services,Services,Business,Beauty Salon,700,700,15,1,to buy salon equipment to serve customers better and earn more income.,12
3206360,funded,Retail,Retail,Business,Retail,825,825,30,1,to restock an assortment of merchandise to sell to generate revenue.,11
3206343,funded,Food,Food,Personal,Pub,550,550,19,1,to buy more drinks to sell and generate revenue.,9
3206352,fundraising,Retail,Retail,Business,Spare Parts,2725,0,0,1,to buy more spare parts to sell and generate revenue.,10
3206316,fundraising,Clothing,Clothing,Personal,Clothing Sales,1100,175,6,1,to buy more clothes to sell and generate revenue.,9
3206334,funded,Food,Food,Personal,Pub,550,550,19,1,"to stock beers, wines, spirits, sodas to sell and generate revenue.",11
3206304,fundraising,Retail,Retail,Business,Electronics Sales,1375,275,5,1,to buy a variety of electronics to sell and generate revenue.,11
3206233,fundraising,Retail,Retail,Business,Cloth & Dressmaking Supplies,950,100,4,1,to buy more textiles to sell and generate revenue.,9
3206311,fundraising,Housing,Housing,Personal,Property,3525,75,2,1,to fund rental construction expenses.,5
3206225,fundraising,Construction,Construction,Personal,Construction Supplies,825,25,1,1,to meet renovation expenses and give his family a happy place to call home.,14
3206217,fundraising,Retail,Retail,Business,Retail,2725,0,0,1,to buy an assortment of merchandise to sell to generate revenue.,11
3206186,fundraising,Clothing,Clothing,Personal,Clothing Sales,2175,500,1,1,to buy more clothes to sell and generate revenue.,9
3206185,fundraising,Retail,Retail,Business,General Store,825,175,7,1,to restock an assortment of merchandise for sell to generate revenue.,11
3206165,fundraising,Transportation,Other,Personal,Taxi,1650,25,1,1,to carry out general car repairs to resume work.,9
3206158,funded,Housing,Housing,Personal,Property,825,825,27,1,to fund rental renovation to earn more income from the business.,11
3206155,funded,Construction,Construction,Personal,Construction Supplies,825,825,22,1,to buy construction materials to renovate rental properties.,8
3206120,funded,Retail,Retail,Business,Retail,550,550,17,1,to restock an assortment of merchandise for sale to generate revenue.,11
3206089,fundraising,Retail,Retail,Business,Retail,1375,25,1,1,to restock merchandise to sell to generate revenue.,8
3206058,fundraising,Agriculture,Agriculture,Agriculture,Agriculture,1650,50,2,1,to buy banana harvests for sell to generate revenue.,9
3206010,funded,Agriculture,Agriculture,Agriculture,Farming,700,700,26,1,to buy manure and mulches to improve soils for farming to better harvests.,13
3206016,funded,Agriculture,Agriculture,Agriculture,Farming,825,825,12,1,to buy manure and mulches to grow healthy coffee to sell.,11
3206039,fundraising,Retail,Retail,Business,Cloth & Dressmaking Supplies,1100,200,8,1,to restock an assortment of textile merchandise to sell and generate more revenue.,13
3205988,fundraising,Agriculture,Agriculture,Agriculture,Farm Supplies,2750,200,5,1,to buy manure and mulches to improve his soils for farming to produce better harvests to sell.,17
3206001,fundraising,Agriculture,Agriculture,Agriculture,Animal Sales,1375,1000,33,1,to buy more cows for fattening and sale to generate revenue.,11
3205622,fundraising,Agriculture,Agriculture,Agriculture,Farm Supplies,2200,125,2,1,to buy manure and mulch to improve soil for farming to better harvests to sell.,15
3205624,funded,Agriculture,Agriculture,Agriculture,Farm Supplies,975,975,30,1,to buy manure and mulch to improve harvests to sell.,10
3205620,fundraising,Retail,Retail,Business,Hardware,825,75,2,1,to buy more plumbing equipment to sell to generate revenue.,10
3205616,fundraising,Food,Food,Personal,Pub,1375,0,0,1,to buy more drinks to sell to generate revenue.,9
3205601,funded,Agriculture,Agriculture,Agriculture,Farm Supplies,425,425,8,1,to buy manure and mulches to improve soils for farming and better harvests.,13
3205595,fundraising,Agriculture,Agriculture,Agriculture,Agriculture,4100,130,3,1,to buy more coffee stock for resale.,7
3205489,funded,Clothing,Clothing,Personal,Clothing Sales,700,700,23,1,to buy more fashionable clothes.,5
3205491,funded,Agriculture,Agriculture,Agriculture,Farming,550,550,11,1,to buy manure and mulches to improve soil fertility and increase harvests for sale.,14
3205431,fundraising,Agriculture,Agriculture,Agriculture,Farming,3025,375,11,1,to buy manure and mulches to improve the soils for healthy harvests to sell to generate revenue.,17
3205460,fundraising,Agriculture,Agriculture,Agriculture,Farming,3300,305,8,1,to buy manure and mulches to improve soils for farming and better harvests to sell.,15
3205449,funded,Manufacturing,Other,Personal,Furniture Making,825,825,24,1,"to buy more chair covers, cushions, and varnish to make more furniture to sell.",14
3205336,funded,Agriculture,Agriculture,Agriculture,Farming,1375,1375,43,1,to buy fertilizers to improve soils for healthy coffee growing for sell.,12
3205370,fundraising,Agriculture,Agriculture,Agriculture,Animal Sales,1100,25,1,1,to buy more cows to fatten for sale and to generate revenue.,12
3205310,funded,Agriculture,Agriculture,Agriculture,Farming,550,550,17,1,to buy seedlings and manure to improve harvests to sell.,10
3205213,fundraising,Retail,Retail,Business,Retail,2750,0,0,1,to restock an assortment of merchandise for sale to generate revenue.,11
3205133,fundraising,Agriculture,Agriculture,Agriculture,Farming,2750,200,5,1,to buy organic manure to improve the soil for farming to get better harvests to sell.,16
3205138,fundraising,Agriculture,Agriculture,Agriculture,Farming,2750,100,2,1,"to buy fertilizers to enhance soil fertility, promote healthier coffee trees, and increase yields.",14
3204644,fundraising,Agriculture,Agriculture,Agriculture,Farming,1375,150,3,1,to buy manure to improve soils for farming to have better harvests to sell.,14
3204653,fundraising,Agriculture,Agriculture,Agriculture,Farming,825,75,3,1,to buy NPK fertilizers.,4
3204627,fundraising,Food,Food,Personal,Restaurant,1650,0,0,1,"to buy food supplies, cutlery and utensils.",7
3204636,fundraising,Agriculture,Agriculture,Agriculture,Farm Supplies,2750,0,0,1,to buy fertilizer and seedlings.,5
3204638,funded,Agriculture,Agriculture,Agriculture,Farm Supplies,825,825,24,1,to buy manure to improve soils for farming and better harvests to sell.,13
3204612,funded,Agriculture,Agriculture,Agriculture,Farming,825,825,25,1,to buy manure to improve soils for farming to achieve better harvests.,12
3204622,fundraising,Agriculture,Agriculture,Agriculture,Farming,1925,225,5,1,to buy manure to improve soil for farming and better harvests.,11
3204592,funded,Agriculture,Agriculture,Agriculture,Farming,350,350,14,1,to buy manure to improve soil for farming.,8
3204584,fundraising,Retail,Retail,Business,General Store,1100,25,1,1,to buy an assortment of merchandise to sell to generate revenue.,11
3204569,fundraising,Retail,Retail,Business,Hardware,4125,0,0,1,"to buy cement, paint, sheets of iron, iron bars and nails to sell.",13
3204572,fundraising,Agriculture,Agriculture,Agriculture,Poultry,4125,75,3,1,"to buy chicks, feed and vaccines to rear healthy chickens to sell.",12
3203989,fundraising,Agriculture,Agriculture,Agriculture,Farming,2750,175,4,1,to buy organic manure to improve his soil for farming.,10
3203131,funded,Retail,Retail,Business,Retail,425,425,15,1,to restock an assortment of merchandise to sell to generate revenue.,11
3203128,funded,Agriculture,Agriculture,Agriculture,Farming,550,550,15,1,to buy manure and mulches for his coffee plantation.,9
3203130,funded,Agriculture,Agriculture,Agriculture,Farming,825,825,6,1,to buy manure and mulches for her coffee plantation.,9
3203122,funded,Agriculture,Agriculture,Agriculture,Farming,1375,1375,44,1,to buy manure and mulches for her coffee plantation to improve yields.,12
3203126,funded,Agriculture,Agriculture,Agriculture,Farming,825,825,26,1,to buy manure and mulches for her coffee plantation to improve yields.,12
3203119,funded,Agriculture,Agriculture,Agriculture,Farming,425,425,14,1,to rent additional farmland for cultivation.,6
3203120,fundraising,Agriculture,Agriculture,Agriculture,Farming,1650,150,5,1,to rent additional land for cultivation.,6
3203111,funded,Agriculture,Agriculture,Agriculture,Farming,275,275,10,1,to rent additional farmland for cultivation.,6
3203117,fundraising,Agriculture,Agriculture,Agriculture,Cattle,1925,675,18,1,to purchase additional cows for fattening and resale.,8
3203024,funded,Agriculture,Agriculture,Agriculture,Land Rental,1100,1100,40,1,to rent more farmland for improved yields.,7
3203110,fundraising,Agriculture,Agriculture,Agriculture,Animal Sales,1375,0,0,1,to buy more cows for fattening for improved profits.,9
3203017,funded,Agriculture,Agriculture,Agriculture,Farming,550,550,20,1,"to buy manure, fertilizers and to pay workers, for improved yields.",11
3203021,fundraising,Agriculture,Agriculture,Agriculture,Livestock,2750,175,7,1,to buy more feed and more goats for improved profits.,10
3203006,funded,Agriculture,Agriculture,Agriculture,Land Rental,550,550,14,1,"to hire more land for farming, for improved yields.",9
3203012,fundraising,Agriculture,Agriculture,Agriculture,Land Rental,1375,275,10,1,to secure additional pasture for his cows.,7
3202981,funded,Agriculture,Agriculture,Agriculture,Farming,1375,1375,38,1,"to pay labor for harvesting, clearing land, and for buying manure.",11
3202997,funded,Agriculture,Agriculture,Agriculture,Farming,550,550,18,1,to buy manure and fertilizers and pay workers.,8
3202970,funded,Agriculture,Agriculture,Agriculture,Farming,1375,1375,44,1,to buy more fertilizer and manure for his farm.,9
3202975,fundraising,Agriculture,Agriculture,Agriculture,Farming,2750,300,8,1,to purchase fertilizer and manure for her garden.,8
3202892,fundraising,Agriculture,Agriculture,Agriculture,Farming,2200,75,3,1,to buy fertilizers and manures to improve her crop yields.,10
3202966,funded,Agriculture,Agriculture,Agriculture,Farming,4100,4100,41,1,"to buy fertilizers and manures for his gardens, for improved yields.",11
3202884,fundraising,Agriculture,Agriculture,Agriculture,Farming,2750,0,0,1,to buy more fertilizers and manure for improved yields.,9
3202872,fundraising,Agriculture,Agriculture,Agriculture,Farming,1100,150,5,1,to buy fertilizers and manure for his gardens for improved yields.,11
3202880,funded,Agriculture,Agriculture,Agriculture,Farming,550,550,13,1,to buy more fertilizers and manure for the gardens.,9
3202862,fundraising,Clothing,Clothing,Personal,Clothing Sales,1375,250,9,1,"to buy more bales of T-shirts, trousers, shirts, jean trousers, and other assorted clothes.",14
3202858,funded,Agriculture,Agriculture,Agriculture,Farming,350,350,4,1,to purchase manure for his banana plantation for improved yields.,10
3202846,funded,Agriculture,Agriculture,Agriculture,Farming,1375,1375,10,1,to buy manure and mulches for his plantation for improved yields.,11
3202851,funded,Agriculture,Agriculture,Agriculture,Farming,275,275,9,1,to buy manure and mulches for her banana plantation.,9
3202792,funded,Agriculture,Agriculture,Agriculture,Farming,2200,2200,38,1,to buy manure and mulches for his plantation for improved yields.,11
3202831,fundraising,Arts,Other,Personal,Crafts,1250,75,3,1,to buy more more charcoal stoves and other assorted crafts to sell.,12
3202584,fundraising,Retail,Retail,Business,General Store,825,25,1,1,to buy assorted merchandise for restocking his shop.,8
3202575,fundraising,Agriculture,Agriculture,Agriculture,Farming,1650,500,16,1,to purchase farm inputs for improved yields.,7
3202565,fundraising,Agriculture,Agriculture,Agriculture,Farming,4100,280,7,1,to purchase agriculture inputs for improved yields.,7
3202549,funded,Agriculture,Agriculture,Agriculture,Farming,1375,1375,40,1,to buy fertilizers and pesticides for improved yields.,8
3202523,fundraising,Agriculture,Agriculture,Agriculture,Farming,2200,0,0,1,to purchase farm inputs and hire labor for his sugarcane plantation.,11
3202541,funded,Agriculture,Agriculture,Agriculture,Farming,550,550,16,1,to buy fertilizers to improved his maize yield.,8
3202464,funded,Agriculture,Agriculture,Agriculture,Farming,1100,1100,32,1,to buy mulch and manure for her coffee trees.,9
3202490,fundraising,Services,Services,Business,Tailoring,1100,75,3,1,to buy a tailoring machine for his business.,8
3202448,funded,Agriculture,Agriculture,Agriculture,Farming,425,425,15,1,to buy farm inputs for his gardens.,7
3202455,funded,Agriculture,Agriculture,Agriculture,Farming,1100,1100,41,1,to buy farm inputs for sugarcane and maize gardens.,9
3202385,funded,Agriculture,Agriculture,Agriculture,Farming,425,425,5,1,to buy mulches and manure for his coffee plantation.,9
3202431,fundraising,Agriculture,Agriculture,Agriculture,Farming,1900,100,4,1,to buy farm inputs for her gardens to improve yields.,10
3202359,funded,Agriculture,Agriculture,Agriculture,Farming,1100,1100,41,1,to buy mulches and manure for his coffee farm for improved yields.,12
3202374,fundraising,Agriculture,Agriculture,Agriculture,Farming,2200,50,2,1,to buy farm inputs for his sugar cane farm and pay for labor.,13
3202301,funded,Agriculture,Agriculture,Agriculture,Farming,275,275,5,1,to buy mulches and manure  for his coffee.,8
3202349,fundraising,Agriculture,Agriculture,Agriculture,Farming,1100,125,5,1,to pay for labor to harvest sugarcane.,7
3202257,fundraising,Agriculture,Agriculture,Agriculture,Farming,1925,0,0,1,to purchase agricultural inputs for his coffee plantation.,8
3202293,funded,Agriculture,Agriculture,Agriculture,Farming,550,550,12,1,to buy fertilizers for improved yields.,6
3202237,fundraising,Agriculture,Agriculture,Agriculture,Farming,2750,925,21,1,to buy mulches and manure for improved coffee bean yields.,10
3202250,fundraising,Agriculture,Agriculture,Agriculture,Farming,1650,100,1,1,to purchase mulches and manure for improved yields.,8
3202207,funded,Agriculture,Agriculture,Agriculture,Farming,425,425,7,1,to buy fertilizers for improved yields.,6
3202228,funded,Agriculture,Agriculture,Agriculture,Farming,550,550,18,1,to buy inputs for improved yields.,6
3202172,funded,Agriculture,Agriculture,Agriculture,Farming,1650,1650,37,1,to buy manure and mulches for his coffee plantation.,9
3202192,funded,Agriculture,Agriculture,Agriculture,Farming,2200,2200,28,1,to buy mulches and manure for her coffee plantation .,10
3202141,funded,Agriculture,Agriculture,Agriculture,Farming,2750,2750,55,1,to purchase agro inputs for the farm for improved yields.,10
3202152,fundraising,Agriculture,Agriculture,Agriculture,Farming,2750,125,2,1,to buy manure and mulches for his coffee plantation.,9
3202167,funded,Agriculture,Agriculture,Agriculture,Farming,1375,1375,27,1,to buy mulches and manure for improved yields.,8
3202198,funded,Agriculture,Agriculture,Agriculture,Farming,700,700,7,1,to buy mulches and manure for improved coffee yields.,9
3202123,fundraising,Agriculture,Agriculture,Agriculture,Farming,3300,125,2,1,to buy manure and mulches for the plantation for improved yields.,11
3202130,fundraising,Agriculture,Agriculture,Agriculture,Farming,2200,125,2,1,to buy manure and mulches for the plantation for improved yields.,11
3201771,fundraising,Retail,Retail,Business,Home Products Sales,2750,25,1,1,to buy more assorted kitchen wares for her shop.,9
3201811,funded,Agriculture,Agriculture,Agriculture,Farming,2750,2750,46,1,to buy manure and mulch for his coffee plantation.,9
3201815,funded,Agriculture,Agriculture,Agriculture,Farming,1375,1375,14,1,to purchase manure and mulches for improved yields.,8
3201740,funded,Agriculture,Agriculture,Agriculture,Farming,700,700,22,1,to buy manure for her coffee plantation.,7
3201752,fundraising,Agriculture,Agriculture,Agriculture,Farming,1100,250,6,1,to buy manure and mulch for improved yields.,8
3201595,funded,Agriculture,Agriculture,Agriculture,Farming,1375,1375,20,1,to buy mulches and manure for improved yields at her coffee farm.,12
3201604,funded,Agriculture,Agriculture,Agriculture,Farming,825,825,18,1,to buy mulch for her banana plantation.,7
3201611,fundraising,Agriculture,Agriculture,Agriculture,Farming,1375,0,0,1,to buy more cows for fattening for improved profits.,9
3201564,funded,Agriculture,Agriculture,Agriculture,Farming,550,550,16,1,to buy mulches for his coffee plantation for improved yields.,10
3201586,fundraising,Agriculture,Agriculture,Agriculture,Farming,2200,1200,36,1,to buy agro inputs like mulches and fertilizers for improved yields.,11
3201542,fundraising,Agriculture,Agriculture,Agriculture,Farming,2200,550,18,1,to buy mulches and manure for improved yields.,8
3201552,fundraising,Agriculture,Agriculture,Agriculture,Farming,1775,250,6,1,to buy agricultural inputs like mulches and manure for improved yields.,11
3201042,fundraising,Agriculture,Agriculture,Agriculture,Farming,1100,300,8,1,to buy mulches and manure for improved coffee yields.,9
3201534,funded,Agriculture,Agriculture,Agriculture,Farming,425,425,12,1,to buy inputs like fertilizers for improved yields.,8
3201032,funded,Food,Food,Personal,Pub,700,700,22,1,"to buy more beer, sodas, water and energy drinks for improved profits.",12
3200997,fundraising,Agriculture,Agriculture,Agriculture,Farming,1925,175,3,1,to buy mulches and manure for improved banana yields.,9
3198352,funded,Services,Services,Business,Beauty Salon,550,550,22,1,"to buy oils, synthetic hair and a dryer.",8
3201013,funded,Food,Food,Personal,Food Market,1100,1100,40,1,"to buy more fresh foods like beans, peas, and other assorted fresh foods to sell.",15
3198340,funded,Food,Food,Personal,Food Market,275,275,8,1,to buy more dry cassava to sell.,7
3198346,funded,Services,Services,Business,Services,275,275,10,1,to buy grains for milling so that she can sell flour.,11
3198299,funded,Services,Services,Business,Tailoring,550,550,17,1,to buy another sewing machine.,5
3198289,funded,Retail,Retail,Business,Retail,550,550,15,1,to buy more bitenge fabriques and jewels for restocking her business.,11
3197979,funded,Clothing,Clothing,Personal,Clothing Sales,1925,1925,43,1,"to buy men's shirts, ladies' clothes, and children's clothes.",9
3197962,fundraising,Retail,Retail,Business,Shoe Sales,1925,950,28,1,to buy more shoes for restocking her business.,8
3198268,funded,Transportation,Other,Personal,Motorcycle Transport,825,825,32,1,to repair his motorcycle for improved profits.,7
3197957,funded,Clothing,Clothing,Personal,Clothing Sales,825,825,26,1,to buy more bitenge fabriques for sale.,7
3197945,fundraising,Food,Food,Personal,Pub,4100,25,1,1,"to buy more drinks like crates of beer, spirits, sodas, water and energy drinks.",14
3197866,fundraising,Retail,Retail,Business,General Store,4100,3030,71,1,to buy assorted merchandise for restocking a supermarket.,8
3197932,funded,Arts,Other,Personal,Crafts,825,825,18,1,to buy more assorted crafts for sale.,7
3197858,fundraising,Services,Services,Business,Mobile Transactions,1375,900,27,1,to buy mobile money float for his lines for increased commission.,11
3197313,fundraising,Agriculture,Agriculture,Agriculture,Farm Supplies,825,200,7,1,to buy fertilizers and pesticides to grow healthy coffee for sale to generate revenue.,14
3197316,funded,Agriculture,Agriculture,Agriculture,Farm Supplies,550,550,18,1,to buy NPK fertilizers to improve soils for farming and better harvests for sale.,14
3197307,fundraising,Food,Food,Personal,Grocery Store,1375,75,3,1,to restock more groceries to sell and generate revenue.,9
3197302,fundraising,Agriculture,Agriculture,Agriculture,Farm Supplies,1100,200,5,1,to buy manure and mulches to improve soils for farming and obtain better harvests for sale.,16
3197311,fundraising,Retail,Retail,Business,Retail,1650,100,4,1,to restock an assortment of merchandise for sale to generate revenue.,11
3197287,funded,Agriculture,Agriculture,Agriculture,Farming,425,425,9,1,to buy fertilizers and pesticides to grow healthy coffee for sale to generate revenue.,14
3197294,fundraising,Services,Services,Business,Event Planning,1925,25,1,1,to buy decoration items to hire and earn more income than before.,12
3197206,funded,Agriculture,Agriculture,Agriculture,Farming,1100,1100,33,1,to buy fertilizers to improve the soil for farming and improve her harvests to sell.,15
3197245,fundraising,Agriculture,Agriculture,Agriculture,Farm Supplies,1100,50,2,1,to buy fertilizers and pesticides to improve soils for farming to obtain better harvests.,14
3197278,fundraising,Retail,Retail,Business,Retail,1100,25,1,1,to buy inventory to sell to generate revenue.,8
3197139,fundraising,Agriculture,Agriculture,Agriculture,Farming,1100,50,2,1,to buy seedlings and fertilizers to improve soils for farming and harvests to sell.,14
3197199,fundraising,Agriculture,Agriculture,Agriculture,Farming,825,250,8,1,to buy Npk fertilizers to improve soils for farming and better harvests for sell.,14
3197130,fundraising,Agriculture,Agriculture,Agriculture,Agriculture,1925,25,1,1,to buy agro inputs to gain better soils for farming and better harvests to sell.,15
3197105,funded,Agriculture,Agriculture,Agriculture,Farming,425,425,12,1,to buy manure to improve soils for farming and to obtain better harvests to sell.,15
3197093,fundraising,Food,Food,Personal,Food Production/Sales,2750,25,1,1,to buy more produce for her trading business.,8
3197081,fundraising,Retail,Retail,Business,Shoe Sales,2750,1695,50,1,to buy more shoes to sell and generate revenue.,9
3197075,funded,Health,Health,Personal,Medical Clinic,1375,1375,38,1,to buy more medical drugs and injections to serve customers better.,11
3196033,fundraising,Retail,Retail,Business,Electronics Sales,2750,100,1,1,to buy more electronics to sell and generate revenue.,9
3197071,fundraising,Retail,Retail,Business,General Store,1925,100,1,1,to purchase additional inventory for her store.,7
3197055,funded,Food,Food,Personal,Food,1100,1100,21,1,to buy more jerrycans of cooking oil to sell and generate revenue.,12
3195948,fundraising,Retail,Retail,Business,Hardware,2750,0,0,1,"to buy cement, plumbing equipment and timber to sell, generating revenue.",11
3195982,fundraising,Retail,Retail,Business,Hardware,825,0,0,1,to buy variety of paint to sell and generate more revenue.,11
3195913,fundraising,Retail,Retail,Business,Retail,550,75,2,1,to restock an assortment of merchandise to sell to generate revenue.,11
3195895,funded,Retail,Retail,Business,Spare Parts,550,550,20,1,to buy more spare parts to sell and generate revenue.,10
3195886,funded,Agriculture,Agriculture,Agriculture,Farming,1100,1100,21,1,to buy fertilizers and mulches to grow healthy coffee for sell to generate revenue.,14
3195704,fundraising,Clothing,Clothing,Personal,Clothing Sales,1375,125,2,1,to buy more fashionable clothes to sell and generate revenue.,10
3195694,funded,Agriculture,Agriculture,Agriculture,Farming,1650,1650,41,1,"to buy organic manure to improve the soil for farming, and pesticides to grow pest-free onions to sell.",18
3195716,fundraising,Agriculture,Agriculture,Agriculture,Farming,1100,25,1,1,to buy fertilizers and coffee seedlings to grow more coffee and generate revenue.,13
3195676,fundraising,Agriculture,Agriculture,Agriculture,Farming,2200,100,1,1,to buy manure to improve the soil for farming and banana suckers to grow more bananas to sell.,18
3195663,funded,Agriculture,Agriculture,Agriculture,Farm Supplies,825,825,26,1,to buy manure to improve soil for farming and improve harvests.,11
3195652,fundraising,Agriculture,Agriculture,Agriculture,Cattle,3300,0,0,1,to buy more cows for fattening and selling to generate revenue.,11
3195660,fundraising,Agriculture,Agriculture,Agriculture,Farm Supplies,2750,0,0,1,to buy fertilizers to improve soil for farming and better harvests.,11
3195641,fundraising,Agriculture,Agriculture,Agriculture,Livestock,1100,175,7,1,to buy more goats for fattening and selling to generate revenue.,11
3195092,fundraising,Agriculture,Agriculture,Agriculture,Farming,3850,355,12,1,to buy a coffee milling machine to sell processed coffee and earn better from the reinvestment.,16
3195096,fundraising,Agriculture,Agriculture,Agriculture,Farming,2750,250,7,1,to buy manure and mulches to improve soil nutrition and grow healthy coffee to sell.,15
3195097,fundraising,Agriculture,Agriculture,Agriculture,Farming,3575,50,2,1,to buy more land and fertilizers to grow healthy coffee to sell to generate revenue.,15
3195100,fundraising,Agriculture,Agriculture,Agriculture,Farming,1375,175,3,1,to buy pesticides and manure to grow healthy coffee to sell to generate revenue.,14
3198318,funded,Services,Services,Business,Tailoring,275,275,11,1,to buy more fabrics for making different dress designs for sale.,11
3195084,funded,Agriculture,Agriculture,Agriculture,Farming,1375,1375,13,1,to buy manure and mulch to improve soils for farming and make better harvests to sell.,16
3195088,funded,Agriculture,Agriculture,Agriculture,Farming,550,550,6,1,to buy mulch to improve the soil for farming and a better harvest.,13
3195043,fundraising,Agriculture,Agriculture,Agriculture,Farming,2750,50,2,1,to buy a coffee milling machine to sell processed coffee and earn more.,13
3195071,fundraising,Agriculture,Agriculture,Agriculture,Agriculture,4125,0,0,1,to buy a coffee milling machine to sell processed coffee and earn better from his business.,16
3194936,fundraising,Agriculture,Agriculture,Agriculture,Farm Supplies,2475,190,4,1,to buy pesticides to spray on her farm in order to get better harvests to sell.,16
3206229,funded,Food,Food,Personal,Fruits & Vegetables,150,150,5,1,to buy more banana harvests to sell and generate revenue.,10
3203105,funded,Retail,Retail,Business,Charcoal Sales,100,100,1,1,to purchase more charcoal for resale.,6
3198542,funded,Food,Food,Personal,Grocery Store,550,550,18,1,to buy more raw food for sale.,7
3198547,funded,Food,Food,Personal,Food Stall,375,375,12,1,to buy more raw food to sell and birds to rear.,11
3197142,funded,Food,Food,Personal,Milk Sales,425,425,15,1,to buy more milk and snacks for sale.,8
3197144,funded,Food,Food,Personal,Pub,425,425,14,1,to buy more local brew to sell.,7
3198545,funded,Food,Food,Personal,Pub,225,225,7,1,to buy more alcohol to sell.,6
3197135,funded,Retail,Retail,Business,General Store,700,700,26,1,to buy more general merchandise to sell.,7
3197140,fundraising,Agriculture,Agriculture,Agriculture,Pigs,700,125,3,1,to buy more piglets for rearing and to plant more coffee.,11
3197131,funded,Food,Food,Personal,Restaurant,425,425,15,1,to buy more food for cooking.,6
3197132,fundraising,Agriculture,Agriculture,Agriculture,Animal Sales,2200,800,18,1,to buy more animals for rearing.,6
3197120,funded,Clothing,Clothing,Personal,Clothing Sales,425,425,14,1,to buy more clothes and soft drinks to sell.,9
3197127,funded,Clothing,Clothing,Personal,Clothing Sales,550,550,17,1,to buy more clothes.,4
3197118,funded,Food,Food,Personal,Pub,425,425,12,1,to buy more alcohol to sell.,6
3197117,fundraising,Retail,Retail,Business,Spare Parts,1100,275,8,1,to buy more spare parts for sale.,7
3197111,funded,Services,Services,Business,Beauty Salon,500,500,14,1,to buy more hair styling products for her business.,9
3197115,funded,Retail,Retail,Business,Retail,225,225,9,1,"to buy more general merchandise for sale in her shop, which sells clothes and vegetables.",15
3197047,funded,Food,Food,Personal,Pub,275,275,11,1,to buy more alcohol for sale.,6
3197042,funded,Clothing,Clothing,Personal,Clothing Sales,425,425,11,1,to buy more clothes for sale.,6
3197044,funded,Retail,Retail,Business,General Store,550,550,16,1,to buy more general merchandise for sale.,7
3197041,funded,Clothing,Clothing,Personal,Clothing Sales,275,275,11,1,"to buy more clothes for sale,.",6
3195035,funded,Services,Services,Business,Beauty Salon,200,200,6,1,to buy more materials for making wigs and braids.,9
3193665,funded,Retail,Retail,Business,General Store,225,225,9,1,"to purchase sacks of sugar, rice, flour, boxes of water, bread, toothpaste to sell,.",14
3194426,fundraising,Retail,Retail,Business,Spare Parts,1100,550,17,1,to buy more motor spare parts to sell.,8
3193662,funded,Food,Food,Personal,Food Market,275,275,7,1,to purchase a bicycle to transport/deliver food for her clients from the market to their home.,16
3193664,funded,Food,Food,Personal,Fruits & Vegetables,275,275,8,1,"to purchase tomatoes, onions, eggplants, cabagges, mangoes, oranges, green paper.",10
3193658,funded,Retail,Retail,Business,General Store,325,325,13,1,"to purchase big quantities of flour, cooking oil, baking powder.",10
3193657,funded,Food,Food,Personal,Food Market,175,175,5,1,"to buy more matooke, cassava, yams, Irish potatoes, tomatoes, etc.",10
3193661,funded,Food,Food,Personal,Food Market,275,275,7,1,"to buy more matooke, cassava, yams, and Irish potatoes.",9
3193656,funded,Retail,Retail,Business,General Store,325,325,11,1,"to purchase a sack of sugar, rice, flour, boxes of water, bread, toothpaste to sell,.",15
3193655,funded,Retail,Retail,Business,Retail,550,550,15,1,"to purchase sacks of sugar, rice, flour, boxes of water, bread, and toothpaste to sell.",15
3193450,funded,Manufacturing,Other,Personal,Furniture Making,275,275,9,1,to buy timber and tree logs for making the furniture.,10
3193449,funded,Education,Other,Personal,Education provider,950,950,15,1,to build more classrooms and expand with a primary section.,10
3193445,funded,Food,Food,Personal,Beverages,275,275,9,1,to restock refreshments for her business.,6
3193448,funded,Food,Food,Personal,Beverages,825,825,22,1,to restock more soft drinks for the business.,8
3193442,funded,Services,Services,Business,Beauty Salon,325,325,11,1,"buy braids, dryers, shampoo, and relaxers.",6
3193441,funded,Food,Food,Personal,Pub,425,425,14,1,"to stock more drinks, liquor, beers, and sodas.",8
3193436,funded,Food,Food,Personal,Liquor Store / Off-License,275,275,9,1,"to restock more drinks, liquor, beers, and sodas.",8
3193433,funded,Food,Food,Personal,Fruits & Vegetables,275,275,8,1,to purchase more produce for her business.,7
3193434,funded,Food,Food,Personal,Food Stall,550,550,13,1,purchase more charcoal and raw food for the business.,9
3193423,fundraising,Retail,Retail,Business,General Store,1375,300,8,1,to stock more items for her retail shop.,8
3192780,funded,Food,Food,Personal,Food Market,725,725,10,1,to buy more produce for the business.,7
3192608,funded,Food,Food,Personal,Catering,275,275,10,1,to buy warmers for her catering business.,7
3192607,funded,Food,Food,Personal,Fishing,550,550,16,1,to purchase more nets and packing material for smoked fish.,10
3190966,funded,Services,Services,Business,Laundry,675,675,20,1,to buy a new washing machine to make washing faster.,10
3192515,funded,Food,Food,Personal,Food Market,550,550,11,1,"to buy more matooke [plantain], cassava, yams, Irish potatoes, tomatoes, and avocado.",12
3192606,funded,Services,Services,Business,Services,550,550,5,1,to purchase more washing machines for her washing bay.,9
3190964,funded,Clothing,Clothing,Personal,Clothing Sales,550,550,16,1,to purchase more clothes to sell.,6
3193652,funded,Food,Food,Personal,Food Stall,150,150,5,1,to purchase big quantities of raw matooke and sweet potatoes to sell.,12
3190962,funded,Agriculture,Agriculture,Agriculture,Farming,800,800,28,1,to Buy coffee and maize seeds for large scale farming.,10
3190963,funded,Food,Food,Personal,Restaurant,425,425,15,1,"to purchase food items, plates, spoons, chairs, and saucepans.",9
3190958,funded,Clothing,Clothing,Personal,Clothing Sales,275,275,10,1,to purchase more clothes for selling.,6
3190955,funded,Clothing,Clothing,Personal,Clothing Sales,275,275,9,1,to purchase more clothes and shoes to sell.,8
3190953,funded,Agriculture,Agriculture,Agriculture,Farming,375,375,12,1,to purchase fertilizers and seedlings to plant.,7
3190952,funded,Construction,Construction,Personal,Quarrying,275,275,8,1,"to buy more quarry stones to sell, as well as excavation equipment.",12
3190944,funded,Agriculture,Agriculture,Agriculture,Farm Supplies,675,675,20,1,to purchase fertilizers and buy more seedlings for planting.,9
3190946,funded,Food,Food,Personal,Food Market,275,275,8,1,"to buy more matooke, cassava, yams, Irish potatoes, tomatoes and avocado.",11
3190943,funded,Services,Services,Business,Beauty Salon,750,750,29,1,"to buy salon items like hair shampoo, a hair dryer, weaves and braids.",13
3190942,funded,Clothing,Clothing,Personal,Clothing Sales,275,275,11,1,to purchase more clothes for selling both ladies' and men's wear.,11
3190941,funded,Food,Food,Personal,Restaurant,550,550,20,1,to buy more food stuffs and cooking materials.,8
3190841,funded,Retail,Retail,Business,Shoe Sales,550,550,18,1,"to purchase secondhand shoes,.",4
3190820,fundraising,Agriculture,Agriculture,Agriculture,Farming,1075,375,12,1,to buy crop seeds and stock her bar.,8
3190819,funded,Retail,Retail,Business,Charcoal Sales,350,350,12,1,"to purchase more firewood and charcoal,.",6
3190817,funded,Retail,Retail,Business,Retail,225,225,8,1,to buy more foodstuffs and charcoal to sell.,8
3190814,funded,Services,Services,Business,Laundry,275,275,7,1,to buy a washing machine.,5
3190816,funded,Food,Food,Personal,Food Stall,275,275,9,1,to purchase more fresh food items.,6
3190813,funded,Food,Food,Personal,Food Market,225,225,7,1,to purchase fruits and food stuffs for his business.,9
3190809,funded,Food,Food,Personal,Grocery Store,800,800,19,1,to buy more stuff for the shop and feeds/medicines for poultry.,11
3190806,funded,Food,Food,Personal,Grocery Store,325,325,10,1,"to buy more matooke, cassava, yams, Irish potatoes, tomatoes, and avocado.",11
3190807,funded,Retail,Retail,Business,Retail,400,400,6,1,to purchase retail shop goods.,5
3190805,funded,Food,Food,Personal,Catering,175,175,5,1,to purchase flour and cooking oil in bulk.,8
3190802,funded,Food,Food,Personal,Pub,225,225,6,1,"to purchase more beer, wine, and spirits.",7
3190801,funded,Food,Food,Personal,Fruits & Vegetables,225,225,6,1,to purchase more vegetables directly from farmers.,7
3190469,funded,Food,Food,Personal,Food,225,225,7,1,"to purchase more gonja (plantain) for her business,.",8
3190467,fundraising,Retail,Retail,Business,Retail,950,325,9,1,"to buy more sugar, rice, beans, and salt.",8
3190468,funded,Food,Food,Personal,Pub,675,675,24,1,to purchase more beers and soft drinks and hire labor for brick making.,13
3190453,funded,Retail,Retail,Business,General Store,550,550,15,1,to buy more inventory for her shop.,7
3190451,funded,Agriculture,Agriculture,Agriculture,Livestock,675,675,17,1,to buy more feeds and medicine for livestock and materials for renovating her rentals.,14
3190449,funded,Food,Food,Personal,Food Stall,400,400,14,1,"to purchase more food stuffs like matooke, Irish potatoes and pumpkins for her business.",14
3190448,funded,Agriculture,Agriculture,Agriculture,Livestock,400,400,9,1,to buy fertilizers and feeds plus hiring farm labor.,9
3190348,fundraising,Services,Services,Business,Beauty Salon,1075,275,8,1,"to buy essential equipment for the salon, like styling chairs and shampoo.",12
3190447,funded,Retail,Retail,Business,Retail,500,500,16,1,"to buy more retail stuffs like rice, flour, sugar, and soap for her business.",14
3190345,funded,Food,Food,Personal,Fruits & Vegetables,200,200,4,1,"to purchase more bananas (including Matooke, commonly known as plantains).",10
3190343,funded,Food,Food,Personal,Grocery Store,225,225,5,1,"to purchase more bananas (including Matooke, commonly known as plantains, a staple).",12
3190344,funded,Food,Food,Personal,Grocery Store,225,225,6,1,"to purchase more bananas (including Matooke, commonly known as plantains, a staple).",12
3190336,funded,Retail,Retail,Business,Retail,200,200,6,1,"to purchase household supplies for resale, like rice, pasta, snacks, cooking oils and salad dressing.",15
3190335,fundraising,Food,Food,Personal,Food Stall,1350,425,12,1,"to purchase more household supplies, like rice.",7
3190303,funded,Retail,Retail,Business,Charcoal Sales,275,275,8,1,to buy more charcoal and firewood to sell.,8
3190301,fundraising,Food,Food,Personal,Pub,800,450,10,1,"to buy more liquor, as well as non-alcoholic options like soft drinks and water.",14
3190300,funded,Food,Food,Personal,Food,325,325,8,1,"to buy more coffee, beans, rice, maize flour and cassava flour to sell.",13
3189566,funded,Food,Food,Personal,Beverages,400,400,10,1,"to buy more sodas, water, and energy drinks for selling.",10
3189562,funded,Construction,Construction,Personal,Timber Sales,1200,1200,35,1,to buy seedlings and fertilizers for the trees.,8
3189553,funded,Retail,Retail,Business,Retail,425,425,12,1,to buy more cloths and more plastics.,7
3189556,funded,Retail,Retail,Business,Retail,400,400,9,1,"to purchase more sugar, rice, flour, sodas, and soap for the shop.",12
3189550,funded,Services,Services,Business,Beauty Salon,275,275,10,1,"to buy salon items like hair shampoo, hair dryer, weaves and braids.",12
3189545,funded,Services,Services,Business,Beauty Salon,1000,1000,18,1,"to buy salon items like hair shampoo, hair dryer, and weaves.",11
3189546,funded,Construction,Construction,Personal,Quarrying,275,275,7,1,to buy more stones to sell and machines for quarrying.,10
3189476,fundraising,Retail,Retail,Business,Shoe Sales,1350,200,4,1,"to provide additional capital for the purchase of more shoes for the business,.",13
3189460,funded,Food,Food,Personal,Grocery Store,400,400,9,1,to purchase more charcoal and raw food stuffs.,8
3189462,funded,Agriculture,Agriculture,Agriculture,Poultry,800,800,23,1,"to Additional capital for the purchase more chicken feeds and baking ingredients,.",12
3189459,fundraising,Food,Food,Personal,Restaurant,1075,500,12,1,"to Additional capital for the purchase more saucepans and stoves,.",10
3189446,funded,Services,Services,Business,Tailoring,500,500,14,1,to purchase rolls of cloth for making bridal gowns.,9
3189458,funded,Food,Food,Personal,Food Stall,400,400,12,1,"to Buy more food stuffs( onions,tomatoes and banana plantain),.",9
3187849,funded,Food,Food,Personal,Liquor Store / Off-License,550,550,16,1,to buy local brew and liquor to sell.,8
3210949,funded,Food,Food,Personal,Grocery Store,175,175,7,1,to purchase more household supplies like rice for her shop.,10
3210945,funded,Food,Food,Personal,Grocery Store,150,150,3,1,"to purchase more bananas (including Matooke commonly known as plantain, a staple),.",12
3210947,funded,Retail,Retail,Business,Retail,425,425,16,1,o purchase more household supplies like rice.,7
3210937,funded,Agriculture,Agriculture,Agriculture,Poultry,175,175,4,1,"to purchase essential items like chicks, feed, housing, feeders, and waterers.",11
3210700,fundraising,Agriculture,Agriculture,Agriculture,Livestock,3525,475,17,1,to buy more stock for his business.,7
3210634,fundraising,Food,Food,Personal,Restaurant,4075,395,15,1,"to purchase saucepans, plates, cups, chairs, and food supplies.",9
3210292,funded,Clothing,Clothing,Personal,Clothing Sales,1100,1100,36,1,buy more clothes to sell.,5
3210256,funded,Food,Food,Personal,Food Market,1100,1100,25,1,to buy more stock for her business.,7
3210228,funded,Services,Services,Business,Mobile Transactions,825,825,12,1,"to buy ""float"" for her digital money business.",8
3209974,funded,Retail,Retail,Business,Cosmetics Sales,1375,1375,35,1,to buy more stock for her business.,7
3209616,funded,Food,Food,Personal,Restaurant,1100,1100,34,1,"to buy matoke (green plantains), posho (maize flour), etc.",9
3209615,funded,Services,Services,Business,Beauty Salon,700,700,18,1,"to buy essential equipment for the salon like styling chairs, shampoo stations, hairdryers, etc.",14
3209598,funded,Agriculture,Agriculture,Agriculture,Poultry,550,550,16,1,"to purchase essential items like chicks, feed, housing, feeders, waterers, etc.",11
3209593,funded,Food,Food,Personal,Restaurant,200,200,7,1,"to buy matoke (green plantains), posho (maize flour).",8
3209591,funded,Food,Food,Personal,Catering,550,550,13,1,to buy more bags of Irish potatoes to fry chicken and chips to sell.,14
3209556,funded,Food,Food,Personal,Restaurant,850,850,18,1,"to buy matoke (green plantains), posho (maize flour), rice, beans, meat, peanut butter, onions, tomatoes, and spices.",17
3209553,funded,Food,Food,Personal,Food,550,550,17,1,"to buy household supplies such as rice, pasta, snacks, cooking oils, salad dressings, and sauces.",15
3209535,funded,Food,Food,Personal,Restaurant,825,825,25,1,"to buy matooke (green plantains), posho (maize flour), rice, beans, meat, peanut butter, onions, tomatoes, and spices.",17
3209544,funded,Construction,Construction,Personal,Bricks,550,550,19,1,to buy more materials for making bricks.,7
3198311,funded,Retail,Retail,Business,General Store,275,275,11,1,to buy assorted merchandise to restock her shop.,8
3207716,funded,Services,Services,Business,Sewing,550,550,19,1,to buy more stock for her business.,7
3207709,funded,Retail,Retail,Business,Jewelry,4075,4075,388,1,to buy more stock for his business.,7
3208777,funded,Food,Food,Personal,Food,2175,2175,166,1,"to purchase more household supplies such as rice, pasta, snacks, and cooking oils.",13
3208776,funded,Retail,Retail,Business,General Store,550,550,10,1,"to purchase for more household supplies like rice, pasta, snacks, cooking oils.",12
3208773,funded,Food,Food,Personal,Grocery Store,1100,1100,9,1,"to purchase more bananas, including Matooke commonly known as plantain.",10
3208737,funded,Retail,Retail,Business,Retail,200,200,7,1,buy general merchandise for selling.,5
3208748,funded,Food,Food,Personal,Food Production/Sales,175,175,7,1,to buy wheat flour.,4
3208745,funded,Food,Food,Personal,Fruits & Vegetables,400,400,11,1,"buy matooke, Irish potatoes and cassava for selling.",8
3208741,funded,Clothing,Clothing,Personal,Clothing Sales,275,275,10,1,buy more clothes for selling.,5
3208739,funded,Food,Food,Personal,Fish Selling,200,200,7,1,buy fish for selling.,4
3208735,funded,Retail,Retail,Business,Retail,275,275,7,1,to buy fabric for making clothes.,6
3208710,funded,Food,Food,Personal,Restaurant,275,275,7,1,"to buy posho, rice and matooke for cooking.",8
3208706,funded,Food,Food,Personal,Food Production/Sales,225,225,8,1,to buy more gonja for roasting.,6
3208703,funded,Clothing,Clothing,Personal,Clothing Sales,225,225,8,1,buy more clothes to resell.,5
3208399,funded,Services,Services,Business,Hotel,4075,4075,460,1,to buy more linens for his business.,7
3207821,funded,Retail,Retail,Business,Retail,350,350,11,1,"buy more rice, sugar, flour and soft drinks to sell.",10
3207831,funded,Food,Food,Personal,Pub,550,550,13,1,buy more alcohol / liquor for sale.,7
3207822,funded,Services,Services,Business,Mobile Transactions,350,350,11,1,buy more float for mobile money transactions.,7
3207820,funded,Food,Food,Personal,Restaurant,1100,1100,74,1,to buy more food for cooking.,6
3207816,funded,Food,Food,Personal,Food Stall,275,275,9,1,to buy more food to sell.,6
3207726,funded,Services,Services,Business,Sewing,375,375,12,1,to buy more stock for her business.,7
3207105,funded,Retail,Retail,Business,Electrical Goods,425,425,10,1,to buy more electrical goods to sell.,7
3207101,funded,Food,Food,Personal,Food Production/Sales,150,150,6,1,to buy more ingredients to fry chicken and chips to sell.,11
3207138,funded,Retail,Retail,Business,General Store,150,150,4,1,"to purchase for more grocery supplies such as rice, pasta, snacks, cooking oils, and salad dressings.",16
3207126,funded,Retail,Retail,Business,Charcoal Sales,150,150,1,1,to purchase for more charcoal to sell.,7
3207125,funded,Clothing,Clothing,Personal,Clothing Sales,225,225,7,1,"to purchase more fashionable dresses, tops and bottoms to sell.",10
3206943,funded,Services,Services,Business,Mobile Transactions,825,825,23,1,"to buy mobile money float and school shoes, flat shoes, and baby shoes.",13
3206941,funded,Agriculture,Agriculture,Agriculture,Poultry,275,275,10,1,to purchase poultry feeds for chicks and hens.,8
3206935,funded,Retail,Retail,Business,Charcoal Sales,550,550,19,1,to purchase sacks of charcoal and chips to sell.,9
3206905,funded,Retail,Retail,Business,Retail,4075,4075,511,1,to buy more stock for his business.,7
3205612,funded,Food,Food,Personal,Grocery Store,825,825,108,1,to purchase more bananas (including matooke).,6
3205082,funded,Retail,Retail,Business,General Store,550,550,15,1,to restock his shop with fast-moving goods.,7
3204539,funded,Services,Services,Business,Tailoring,1375,1375,49,1,buy more fabric for making clothes.,6
3204470,funded,Entertainment,Other,Personal,Entertainment,550,550,15,1,to buy a big screen for his cinema hall.,9
3203662,funded,Food,Food,Personal,Restaurant,825,825,77,1,"to buy matoke (green plantains), posho (maize flour), rice, beans and meat for her restaurant.",15
3206262,funded,Food,Food,Personal,Liquor Store / Off-License,700,700,84,1,to buy more local brew and beer for selling.,9
3206255,funded,Food,Food,Personal,Food Market,275,275,10,1,"buy matooke, cassava and Irish potatoes for selling.",8
3206245,funded,Food,Food,Personal,Liquor Store / Off-License,200,200,7,1,add more local brew and beer for selling.,8
3206242,funded,Food,Food,Personal,Restaurant,225,225,3,1,buy rice and matooke for selling.,6
3206238,funded,Clothing,Clothing,Personal,Clothing Sales,775,775,93,1,buy more clothes  for selling.,5
3203094,funded,Food,Food,Personal,Grocery Store,275,275,9,1,"to purchase more bananas, sweet potatoes, and vegetables for her grocery store.",12
3206236,funded,Retail,Retail,Business,Phone Accessories,300,300,9,1,"buy more phones and accessories like chargers, ear phones and batteries to sell.",13
3206231,funded,Retail,Retail,Business,Shoe Sales,550,550,16,1,buy more shoes for selling.,5
3206234,funded,Agriculture,Agriculture,Agriculture,Poultry,275,275,6,1,buy chickens and chicken feed.,5
3206227,funded,Food,Food,Personal,Food Market,275,275,3,1,"buy matooke, cassava and Irish potatoes for selling.",8
3206228,funded,Food,Food,Personal,Food Stall,200,200,7,1,buy charcoal and matooke for selling.,6
3206224,funded,Clothing,Clothing,Personal,Clothing Sales,450,450,10,1,buy dresses and shirts for selling.,6
3206222,funded,Retail,Retail,Business,Shoe Sales,200,200,8,1,buy more shoes for selling.,5
3206211,funded,Clothing,Clothing,Personal,Clothing Sales,375,375,14,1,"to purchase more fashionable dresses, tops and bottoms.",8
3206210,funded,Agriculture,Agriculture,Agriculture,Poultry,175,175,3,1,"to purchase essential items like chicks, feed, housing, feeders, waterers.",10
3206203,funded,Food,Food,Personal,Liquor Store / Off-License,550,550,20,1,"to buy more  liquor, as  well as non-alcoholic options like soft drinks.",12
3206032,funded,Retail,Retail,Business,Shoe Sales,4075,4075,284,1,to purchase more shoes.,4
3206011,funded,Agriculture,Agriculture,Agriculture,Agriculture,700,700,10,1,to restock with sufficient maize.,5
3206003,funded,Food,Food,Personal,Food,4100,4100,119,1,to buy more stock for her business.,7
3205984,funded,Food,Food,Personal,Restaurant,1375,1375,35,1,to buy more stock for her business.,7
3202371,funded,Services,Services,Business,Beauty Salon,305,305,11,1,to purchase a variety of versline brands for the business.,10
3202370,funded,Clothing,Clothing,Personal,Clothing Sales,550,550,13,1,purchase more cloth rolls and threads for the business.,9
3202262,funded,Food,Food,Personal,Food Production/Sales,175,175,7,1,buy more cassava and cooking oil for her business.,9
3194409,funded,Agriculture,Agriculture,Agriculture,Farming,275,275,8,1,to purchase fertilizers and pesticides.,5
3204588,funded,Retail,Retail,Business,Retail,275,275,8,1,to buy more food items for her business.,8
3205587,funded,Clothing,Clothing,Personal,Clothing,1100,1100,119,1,to buy more clothes to sell.,6
3205585,funded,Agriculture,Agriculture,Agriculture,Poultry,550,550,16,1,buy poultry feed and drinkers for her farm.,8
3205588,funded,Retail,Retail,Business,Retail,100,100,2,1,"buy sugar, rice, soap and cooking oil to sell.",9
3205609,funded,Food,Food,Personal,Grocery Store,225,225,2,1,to purchase more bananas (including matooke).,6
3205546,funded,Services,Services,Business,Beauty Salon,1100,1100,150,1,buy consumable items and hair chemicals for styling.,8
3205582,funded,Retail,Retail,Business,Charcoal Sales,175,175,6,1,buy more sacks of charcoal and raw matooke to sell.,10
3205607,funded,Retail,Retail,Business,Retail,425,425,4,1,"to purchase for more household supplies like rice, pasta, snacks, cooking oils and salad dressings,.",15
3205575,funded,Clothing,Clothing,Personal,Clothing Sales,500,500,14,1,buy more clothes for selling.,5
3205572,funded,Agriculture,Agriculture,Agriculture,Farming,275,275,7,1,to buy a banana plantation.,5
3205580,funded,Food,Food,Personal,Beverages,225,225,6,1,to buy more crates of soda and cartons of water.,10
3205568,funded,Retail,Retail,Business,Home Products Sales,550,550,15,1,to buy more kitchenware items to sell.,7
3205565,funded,Retail,Retail,Business,General Store,550,550,15,1,"buy sugar, rice, soap and cooking oil.",7
3205556,funded,Food,Food,Personal,Fishing,425,425,3,1,buy fishing nets.,3
3205563,funded,Food,Food,Personal,Beverages,550,550,14,1,buy more cartons of water and soda.,7
3205548,funded,Food,Food,Personal,Fish Selling,425,425,15,1,buy more bags of silver fish.,6
3205552,funded,Agriculture,Agriculture,Agriculture,Poultry,425,425,12,1,buy poultry feed and drinkers.,5
3205542,funded,Agriculture,Agriculture,Agriculture,Poultry,975,975,12,1,buy poultry feeds and drinkers.,5
3205539,funded,Clothing,Clothing,Personal,Clothing Sales,550,550,3,1,buy more clothes for selling.,5
3205536,funded,Food,Food,Personal,Grocery Store,350,350,3,1,to buy seedlings for planting.,5
3205534,funded,Retail,Retail,Business,General Store,550,550,14,1,"to buy sugar, rice, soap, and cooking oil to sell.",10
3205537,funded,Retail,Retail,Business,Office Supplies,275,275,10,1,buy more stationary items to sell at her shop.,9
3203984,funded,Food,Food,Personal,Restaurant,425,425,13,1,"to buy matoke (green plantains), posho (maize flour), rice, beans, meat, peanut butter for her restaurant.",16
3205341,funded,Retail,Retail,Business,Retail,1100,1100,135,1,to buy more stock for his furniture business.,8
3205322,funded,Water,Other,Personal,Community Water Distribution,19950,19950,861,1,to purchase a delivery truck.,5
3204004,funded,Retail,Retail,Business,Fuel/Firewood,425,425,14,1,to purchase more firewood for sale.,6
3204003,funded,Retail,Retail,Business,Fuel/Firewood,425,425,12,1,to buy more fuel for sale.,6
3203943,funded,Services,Services,Business,Beauty Salon,475,475,14,1,buy more braids and weaves.,5
3205228,funded,Agriculture,Agriculture,Agriculture,Livestock,225,225,6,1,"to buy supplies like feed, veterinary care, and potentially land.",10
3205126,funded,Food,Food,Personal,Fruits & Vegetables,2750,2750,236,1,to restock his produce business.,5
3205118,funded,Health,Health,Personal,Medical Clinic,1100,1100,28,1,to purchase more drugs and medical supplies.,7
3203941,funded,Food,Food,Personal,Food Market,550,550,49,1,"to buy more raw matooke, cassava, and Irish potatoes.",9
3203981,funded,Retail,Retail,Business,Charcoal Sales,175,175,3,1,to buy charcoal to sell.,5
3203938,funded,Agriculture,Agriculture,Agriculture,Poultry,425,425,8,1,to buy more chicken feed.,5
3204542,funded,Food,Food,Personal,Food Market,550,550,13,1,"buy more sugar, soap and rice for selling.",8
3204533,funded,Food,Food,Personal,Restaurant,550,550,18,1,buy a plot of land.,5
3204531,funded,Retail,Retail,Business,General Store,425,425,14,1,buy more merchandise for her shop.,6
3204529,funded,Food,Food,Personal,Restaurant,550,550,38,1,buy raw food for cooking.,5
3204505,funded,Health,Health,Personal,Pharmacy,1375,1375,38,1,buy more human medicine for selling.,6
3204481,funded,Food,Food,Personal,Restaurant,550,550,9,1,"to buy matoke (green plantains), posho, rice, beans, meat, peanut butter, onions, tomatoes, and spices.",15
3204498,funded,Retail,Retail,Business,Charcoal Sales,1100,1100,137,1,buy more sacks of charcoal and raw matooke for selling.,10
3204492,funded,Agriculture,Agriculture,Agriculture,Pigs,275,275,7,1,to buy supplies like feed and veterinary care for her pigs.,11
3204264,funded,Food,Food,Personal,Fruits & Vegetables,1375,1375,122,1,to buy more stock for his business.,7
3204260,funded,Food,Food,Personal,Bakery,4125,4125,271,1,to buy more inventory of supplies for his bakery.,9
3204005,funded,Retail,Retail,Business,Retail,225,225,7,1,to buy more polyethylene bags for sale.,7
3204015,funded,Food,Food,Personal,Fish Selling,550,550,14,1,buy more sliver fish for resale.,6
3204017,funded,Food,Food,Personal,Food Market,350,350,12,1,to buy raw matooke and tomatoes for resale.,8
3204007,funded,Services,Services,Business,Beauty Salon,375,375,8,1,buy more braids and cosmetics for her beauty shop.,9
3204006,funded,Services,Services,Business,Tailoring,425,425,14,1,to purchase clothing patterns to make new dresses and skirts.,10
3203999,funded,Food,Food,Personal,Grocery Store,325,325,10,1,to purchase for more bananas (including matooke).,7
3203990,funded,Food,Food,Personal,Catering,500,500,5,1,to buy more ingredients to fry chicken and chips to sell.,11
3203998,funded,Food,Food,Personal,Food Market,175,175,6,1,buy more raw matooke for selling.,6
3203979,funded,Food,Food,Personal,Beverages,275,275,10,1,"buy more sodas, water, and energy drinks to sell.",9
3203988,funded,Services,Services,Business,Beauty Salon,275,275,10,1,"to buy essential equipment for the salon, including  styling chairs and shampoo.",12
3203987,funded,Food,Food,Personal,Catering,275,275,10,1,to buy more bags of Irish potatoes to fry chicken and chips for sale.,14
3203952,funded,Services,Services,Business,Beauty Salon,225,225,9,1,buy more braids and weaves.,5
3203977,funded,Retail,Retail,Business,Retail,150,150,3,1,"buy sugar, maize floor, cooking oil, soap, rice, and wheat flour to sell.",13
3203937,funded,Food,Food,Personal,Food Market,225,225,9,1,buy more raw matooke to sell.,6
3203945,funded,Retail,Retail,Business,Fuel/Firewood,275,275,11,1,buy more fire wood and charcoal for selling.,8
3203728,funded,Retail,Retail,Business,Retail,4125,4125,417,1,to buy more stock for his clothing business.,8
3199187,funded,Food,Food,Personal,Restaurant,150,150,6,1,to buy matoke (green plantains) and posho (maize flour).,9
3200299,funded,Services,Services,Business,Beauty Salon,350,350,10,1,"to buy essential equipment for the salon, such as styling chairs, shampoo stations, hairdryers, and mirrors.",16
3203756,funded,Retail,Retail,Business,Retail,3300,3300,260,1,to buy more stock for his business.,7
3195830,funded,Food,Food,Personal,Beverages,425,425,5,1,"to buy soft drinks like water, sodas and juices to sell.",11
3195065,funded,Food,Food,Personal,Grocery Store,635,635,19,1,buy more groceries for her business and renovate rentals.,9
3195821,funded,Food,Food,Personal,Bakery,125,125,4,1,"to buy cooking oil, flour, and charcoal for making chapatis.",10
3195086,funded,Food,Food,Personal,Restaurant,350,350,11,1,hire a place for the snack stall.,7
3203684,funded,Food,Food,Personal,Bakery,100,100,4,1,to purchase more baking ingredients.,5
3183058,funded,Food,Food,Personal,Pub,2060,2060,270,1,to stock more beers and liquor and to buy more flour and cooking oil.,14
3203676,funded,Food,Food,Personal,Beverages,100,100,2,1,to purchase more cassava.,4
3203673,funded,Clothing,Clothing,Personal,Clothing Sales,425,425,14,1,"to purchase more fashionable dresses, tops and bottoms.",8
3203668,funded,Agriculture,Agriculture,Agriculture,Poultry,75,75,3,1,to buy more stock for her business.,7
3203659,funded,Food,Food,Personal,Bakery,50,50,1,1,to buy baking supplies.,4
3203661,funded,Health,Health,Personal,Pharmacy,850,850,24,1,to buy more medicines for resale.,6
3203567,funded,Food,Food,Personal,Restaurant,4125,4125,247,1,to buy more stock for her business.,7
3203099,funded,Food,Food,Personal,Grocery Store,550,550,13,1,to purchase more bananas.,4
3203053,funded,Food,Food,Personal,Restaurant,200,200,1,1,"buy more matooke, cassava, yams, Irish potatoes, tomatoes, avocadoes, and crates of soda and beer for the bar business.",19
3203049,funded,Retail,Retail,Business,Shoe Sales,425,425,11,1,"to buy more shoes to sell, especially sport shoes.",9
3203107,funded,Retail,Retail,Business,Fuel/Firewood,550,550,20,1,to purchase more fuel to resell.,6
3203097,funded,Food,Food,Personal,Grocery Store,275,275,8,1,to purchase more bananas.,4
3203093,funded,Food,Food,Personal,Grocery Store,425,425,10,1,"to purchase more bananas, sweet potatoes, and vegetables for her grocery store.",12
3203043,funded,Food,Food,Personal,Food Market,350,350,10,1,"to buy more matooke, cassava, yams, Irish potatoes, tomatoes, avocadoes, and ingredients to make snacks for students.",17
3203042,funded,Food,Food,Personal,Pub,425,425,2,1,"to purchase more crates of beers, wines of different types, and spirits for sale.",14
3202932,funded,Agriculture,Agriculture,Agriculture,Agriculture,275,275,9,1,to purchase more dry cassava.,5
3202592,funded,Food,Food,Personal,Restaurant,275,275,9,1,to buy more food to cook to fo resale.,9
3202595,funded,Food,Food,Personal,Restaurant,225,225,5,1,to purchase more food to cook for sale.,8
3202591,funded,Food,Food,Personal,Fish Selling,550,550,19,1,to buy more fish to sell.,6
3202585,funded,Food,Food,Personal,Catering,150,150,5,1,to purchase more Irish potatoes and cooking oil for her food business.,12
3202587,funded,Food,Food,Personal,Restaurant,975,975,101,1,to buy more food to cook to sell.,8
3202378,funded,Food,Food,Personal,Food Production/Sales,425,425,8,1,to purchase more food produce for the stall.,8
3202369,funded,Retail,Retail,Business,Spare Parts,825,825,19,1,to purchase more spare parts for the business.,8
3200021,funded,Health,Health,Personal,Medical Clinic,4100,4100,95,1,to renovate and upgrade his clinic.,6
3202277,funded,Food,Food,Personal,Food Stall,975,975,114,1,buy more food to sell.,5
3202244,funded,Retail,Retail,Business,General Store,550,550,18,1,buy more general merchandise for sale.,6
3202274,funded,Health,Health,Personal,Pharmacy,1100,1100,33,1,buy more medicines to sale.,5
3202243,funded,Retail,Retail,Business,Retail,225,225,7,1,to buy more essential items to sell.,7
3202206,funded,Retail,Retail,Business,Shoe Sales,4100,4100,411,1,to buy more stock for his business.,7
3201891,funded,Agriculture,Agriculture,Agriculture,Poultry,150,150,4,1,to buy more chicken feed.,5
3201885,funded,Agriculture,Agriculture,Agriculture,Farming,975,975,18,1,to buy pesticides and fertilizers for her tomatoes.,8
3201021,funded,Food,Food,Personal,Food Production/Sales,275,275,7,1,buy cooking oil and wheat flour.,6
3201033,funded,Agriculture,Agriculture,Agriculture,Farm Supplies,350,350,3,1,to buy manure for her coffee plantation.,7
3201016,funded,Services,Services,Business,Services,600,600,6,1,to buy a computer.,4
3201134,funded,Agriculture,Agriculture,Agriculture,Farming,275,275,10,1,to purchase manure for her banana plantation.,7
3201132,funded,Retail,Retail,Business,General Store,1925,1925,36,5,"to buy more posho, sugar and crates of soda.",9
3201130,funded,Agriculture,Agriculture,Agriculture,Animal Sales,975,975,17,1,to buy goats to rear and resell.,7
3201129,funded,Services,Services,Business,Beauty Salon,975,975,29,5,"to buy braids, hair oil, hair dryers, and a 20-liter jerrycan of shampoo.",13
3201127,funded,Agriculture,Agriculture,Agriculture,Dairy,1375,1375,27,5,to buy more dairy cows in order to increase their milk output.,12
3201125,funded,Food,Food,Personal,Food Market,550,550,23,1,to purchase coffee for resale.,5
3201122,funded,Food,Food,Personal,Food Market,200,200,5,1,to purchase coffee and beans for trade.,7
3201119,funded,Agriculture,Agriculture,Agriculture,Agriculture,700,700,28,1,to buy a piece of land with coffee plantation.,9
3201121,funded,Agriculture,Agriculture,Agriculture,Agriculture,1375,1375,66,1,to buy land for rearing cattle and goats.,8
3201114,funded,Agriculture,Agriculture,Agriculture,Land Rental,825,825,22,1,to hire land for growing maize.,6
3201116,funded,Agriculture,Agriculture,Agriculture,Agriculture,975,975,28,1,to purchase additional land to expand his coffee plantation.,9
3201112,funded,Housing,Housing,Personal,Personal Housing Expenses,275,275,1,1,to purchase cement for the construction of his house.,9
3201110,funded,Agriculture,Agriculture,Agriculture,Farming,975,975,32,1,to purchase fertilizers for her plantation.,6
3201099,funded,Agriculture,Agriculture,Agriculture,Farming,1100,1100,46,1,to purchase farm inputs such as fertilizers for his coffee plantation.,11
3201103,funded,Agriculture,Agriculture,Agriculture,Farming,1500,1500,85,1,to purchase crop pestcides for crops.,6
3201095,funded,Personal Use,Other,Personal,Personal Expenses,1375,1375,58,1,to purchase materials to renovate her newly constructed house.,9
3201107,funded,Food,Food,Personal,Grocery Store,75,75,3,1,to buy more stock for her business.,7
3201084,funded,Food,Food,Personal,Food Production/Sales,1375,1375,92,1,to buy beans and maize for his produce business.,9
3201085,funded,Services,Services,Business,Beauty Salon,825,825,20,1,to purchase artificial hair and hair products for her salon.,10
3201088,funded,Agriculture,Agriculture,Agriculture,Cattle,1650,1650,72,1,to buy bullocks for a fattening project.,7
3201081,funded,Agriculture,Agriculture,Agriculture,Agriculture,550,550,17,1,to buy another piece of land in order to expand her banana plantation.,13
3201060,funded,Agriculture,Agriculture,Agriculture,Farming,475,475,4,1,to buy manure for her banana plantation.,7
3201093,funded,Retail,Retail,Business,Retail,100,100,3,1,to purchase more cereal stock.,5
3201083,funded,Transportation,Other,Personal,Motorcycle Transport,1025,1025,42,1,to buy another motorcycle.,4
3201078,funded,Agriculture,Agriculture,Agriculture,Cattle,1375,1375,72,1,to buy bullocks for fattening.,5
3201063,funded,Agriculture,Agriculture,Agriculture,Farm Supplies,1375,1375,56,1,to buy manure for the coffee and banana plantation.,9
3201047,funded,Services,Services,Business,Beauty Salon,275,275,11,1,to buy braids and shampoo for her hair salon.,9
3201035,funded,Retail,Retail,Business,Retail,550,550,12,1,"to purchase more rice, sugar, flour, and soft drinks for sale.",11
3201026,funded,Retail,Retail,Business,Cosmetics Sales,825,825,18,1,to buy more cosmetics and add to the business.,9
3201015,funded,Agriculture,Agriculture,Agriculture,Farm Supplies,275,275,9,1,to buy mulches for coffee improvement.,6
3201030,funded,Retail,Retail,Business,Retail,1375,1375,45,1,"to purchase more stock, such as sugar, posho, tealeas, and sweets, for his retail business.",15
3201025,funded,Food,Food,Personal,Grocery Store,275,275,4,1,"buy more sugar, soap and rice for selling.",8
3201022,funded,Services,Services,Business,Beauty Salon,975,975,20,1,"to purchase weaves, braids, and cosmetics.",6
3201023,funded,Services,Services,Business,Beauty Salon,225,225,6,1,to buy more weaves and braids for selling.,8
3201019,funded,Retail,Retail,Business,Cloth & Dressmaking Supplies,275,275,10,1,to purchase African fabric for resale.,6
3199439,funded,Clothing,Clothing,Personal,Clothing Sales,275,275,11,1,"to buy dresses, skirts and blouses for her boutique business.",10
3201009,funded,Agriculture,Agriculture,Agriculture,Agriculture,1100,1100,49,1,to purchase another piece of land for agriculture.,8
3201007,funded,Agriculture,Agriculture,Agriculture,Land Rental,275,275,9,1,tO HIRE LAND TO GROW MAIZE.,6
3201000,funded,Retail,Retail,Business,Shoe Sales,1375,1375,58,1,tO PURCHASE MORE SHOES FOR THE BUSINESS.,7
3201001,funded,Agriculture,Agriculture,Agriculture,Farm Supplies,825,825,12,1,"TO PURCHASE SUPER GRO, NEUTRO, PLANTS, AND PESTICIDES.",8
3201003,funded,Retail,Retail,Business,Retail,550,550,13,1,"tO PURCHASE SUGAR, SOAP, STATIONARY AND SOFT DRINKS FOR HER RETAIL SHOP.",12
3200998,funded,Agriculture,Agriculture,Agriculture,Farming,1100,1100,29,5,to buy manure to improve her banana plantation.,8
3200999,funded,Agriculture,Agriculture,Agriculture,Farming,1100,1100,26,1,tO PURCHASE MANURE AND MULCHES FOR COFFEE AND BANANA PLANTATIONS.,10
3200995,funded,Agriculture,Agriculture,Agriculture,Farm Supplies,1100,1100,27,1,tO PURCHASE MANURE TO APPLY IN COFFEE PLANTATION.,8
3200984,funded,Retail,Retail,Business,Shoe Sales,175,175,6,1,to purchase more secondhand shoes for resale.,7
3200987,funded,Agriculture,Agriculture,Agriculture,Agriculture,550,550,14,1,to buy a piece of land with a banana plantation.,10
3200945,funded,Retail,Retail,Business,Retail,350,350,13,1,to buy more crates of beer and spirits.,8
3200942,funded,Agriculture,Agriculture,Agriculture,Farming,1100,1100,60,1,to purchase fertilizers for his coffee plantation.,7
3200938,funded,Retail,Retail,Business,Electronics Sales,1925,1925,78,1,"to purchase phones, phone covers, and chargers for his electronic shop.",11
3200940,funded,Agriculture,Agriculture,Agriculture,Farm Supplies,550,550,12,1,to buy manure for her banana planation.,7
3200937,funded,Agriculture,Agriculture,Agriculture,Farm Supplies,825,825,34,1,to buy mulches to add in his coffee plantation.,9
3200936,funded,Agriculture,Agriculture,Agriculture,Farming,1100,1100,54,1,to purchase farm inputs such as fertilizers for his coffee plantation.,11
3200933,funded,Food,Food,Personal,Milk Sales,1650,1650,42,1,to buy a second cooler for her milk business.,9
3200925,funded,Agriculture,Agriculture,Agriculture,Farming,1100,1100,49,1,to buy manure for his banana plantation.,7
3200930,funded,Transportation,Other,Personal,Motorcycle Transport,1050,1050,40,1,to buy a motorcycle for daily income.,7
3200900,funded,Agriculture,Agriculture,Agriculture,Farming,1100,1100,48,1,to purchase manure and apply it to the banana plantation.,10
3200895,funded,Agriculture,Agriculture,Agriculture,Farming,1100,1100,29,1,to buy manure for her banana plantation.,7
3200901,funded,Agriculture,Agriculture,Agriculture,Farming,425,425,8,1,to buy land to plant more coffee.,7
3200882,funded,Agriculture,Agriculture,Agriculture,Farming,550,550,15,1,to purchase manure for her banana plantation.,7
3200892,funded,Agriculture,Agriculture,Agriculture,Farming,1375,1375,56,1,to buy manure to add to his banana plantation for improved harvests.,12
3200877,funded,Agriculture,Agriculture,Agriculture,Farming,1100,1100,45,1,to purchase manure for his banana plantation.,7
3200687,funded,Food,Food,Personal,Food Production/Sales,125,125,5,1,"to buy more coffee, beans, rice, maize flour and cassava flour to sell.",13
3200684,funded,Food,Food,Personal,Food,1100,1100,5,1,to buy more bags of rice to sell.,8
3200675,funded,Clothing,Clothing,Personal,Clothing Sales,425,425,5,1,"to purchase more fashionable dresses, tops and bottoms.",8
3198306,funded,Agriculture,Agriculture,Agriculture,Farm Supplies,275,275,7,1,to buy more onions to sell for improved profits.,9
3195047,funded,Agriculture,Agriculture,Agriculture,Farm Supplies,1375,1375,43,1,to buy manure and seeds for planting to get better harvests to sell.,13
3199390,funded,Agriculture,Agriculture,Agriculture,Farming,550,550,15,1,to purchase manure for his banana plantation.,7
3199652,funded,Agriculture,Agriculture,Agriculture,Farming,425,425,11,1,to purchase manure for her banana farm.,7
3200300,funded,Food,Food,Personal,Grocery Store,450,450,5,1,"to purchase more bananas (including Matooke, commonly known as plantain, a staple),.",12
3200277,funded,Food,Food,Personal,Grocery Store,425,425,5,1,"to purchase more household supplies like rice, pasta, snacks, cooking oils, salad dressings, sauces, spreads, herbs, spices, and seasonings.",19
3200167,funded,Agriculture,Agriculture,Agriculture,Farming,225,225,9,1,to hire seasonal land for crop growing.,7
3200171,funded,Food,Food,Personal,Food Market,225,225,5,1,"to buy more matooke, cassava, yams, Irish potatoes, tomatoes and avocado for resale.",13
3200182,funded,Retail,Retail,Business,Retail,175,175,5,1,"to purchase large quantities of flour, cooking oil, baking powder, and food for resale.",14
3200165,funded,Agriculture,Agriculture,Agriculture,Farming,225,225,7,1,to purchase manure for her banana plantation.,7
3199985,funded,Food,Food,Personal,Milk Sales,2725,2725,56,1,to purchase more dairy inputs.,5
3199979,funded,Food,Food,Personal,Fish Selling,825,825,21,1,to purchase more fish.,4
3199400,funded,Agriculture,Agriculture,Agriculture,Farming,550,550,5,1,to buy fertilizer for her coffee plantation.,7
3199398,funded,Agriculture,Agriculture,Agriculture,Farming,700,700,19,1,to buy manure for her banana plantation.,7
3199393,funded,Agriculture,Agriculture,Agriculture,Cattle,175,175,6,1,to buy cattle for fattening.,5
3199362,funded,Agriculture,Agriculture,Agriculture,Farming,550,550,18,1,to buy manure for his banana plantation.,7
3199379,funded,Clean Energy,Other,Personal,Biogas Systems,2175,2175,51,1,to buy a biogas kit and cattle.,7
3199366,funded,Agriculture,Agriculture,Agriculture,Farming,170,170,7,1,to buy banana suckers and manure.,6
3199360,funded,Agriculture,Agriculture,Agriculture,Farming,1375,1375,30,1,to buy mulch.,3
3199177,funded,Agriculture,Agriculture,Agriculture,Farming,1100,1100,3,1,to buy manure for her banana plantation.,7
3199173,funded,Agriculture,Agriculture,Agriculture,Farming,825,825,11,1,to buy manure for her banana plantation.,7
3199654,funded,Agriculture,Agriculture,Agriculture,Farming,425,425,12,1,to buy seedlings for planting.,5
3199650,funded,Agriculture,Agriculture,Agriculture,Farm Supplies,275,275,10,1,to buy manure for his banana plantation.,7
3199648,funded,Agriculture,Agriculture,Agriculture,Cattle,1100,1100,9,1,to buy cattle for fattening.,5
3199649,funded,Agriculture,Agriculture,Agriculture,Farming,1100,1100,31,1,to purchase manure and mulch for his banana plantation.,9
3199657,funded,Agriculture,Agriculture,Agriculture,Farming,175,175,5,1,to purchase manure and mulches for his banana plantation.,9
3199658,funded,Food,Food,Personal,Fruits & Vegetables,550,550,17,1,to buy more fruits and vegetables for grocery business.,9
3199656,funded,Agriculture,Agriculture,Agriculture,Farming,550,550,11,1,to purchase fertilizers and manure for his banana farm.,9
3199655,funded,Reuse & Recycle,Other,Personal,Used Clothing,275,275,3,1,to buy more inventory of secondhand clothes.,7
3199653,funded,Services,Services,Business,Mobile Transactions,1700,1700,31,8,to raise capital for their mobile money services business.,9
3190310,funded,Food,Food,Personal,Fish Selling,175,175,6,1,to buy more fish to sell.,6
3199651,funded,Agriculture,Agriculture,Agriculture,Farming,200,200,7,1,to buy manure for his banana plantation.,7
3199647,funded,Food,Food,Personal,Grocery Store,550,550,16,1,to buy drinks and bread for her retail shop.,9
3199646,funded,Agriculture,Agriculture,Agriculture,Cattle,25,25,1,1,to buy more cattle for fattening.,6
3199644,funded,Agriculture,Agriculture,Agriculture,Farming,450,450,8,1,to buy manure to apply on his coffee plantation and improve his yields.,13
3199645,funded,Agriculture,Agriculture,Agriculture,Cattle,125,125,2,1,to buy cows for fattening at his farm.,8
3199642,funded,Agriculture,Agriculture,Agriculture,Farming,425,425,10,1,to purchase manure for his banana farm.,7
3199643,funded,Agriculture,Agriculture,Agriculture,Farming,1375,1375,33,1,to buy manure to improve her coffee plantation for better harvests.,11
3199447,funded,Agriculture,Agriculture,Agriculture,Farming,700,700,23,1,to buy mulch and banana suckers for planting.,8
3199445,funded,Food,Food,Personal,Restaurant,150,150,5,1,to buy a blender for making juice.,7
3199443,funded,Food,Food,Personal,Pub,550,550,16,1,"to buy more beers, sodas, kombuchas and local brew for her pub business.",13
3199444,funded,Food,Food,Personal,Pub,325,325,7,1,"to purchase more beers, spirits and a pool table.",9
3199433,funded,Agriculture,Agriculture,Agriculture,Farm Supplies,325,325,13,1,to purchase pesticides and mulch for his tomato garden.,9
3199435,funded,Agriculture,Agriculture,Agriculture,Agriculture,275,275,6,1,to purchase manure for her banana plantation.,7
3199430,funded,Agriculture,Agriculture,Agriculture,Farming,275,275,2,1,to purchase manure for his banana plantation.,7
3199432,funded,Agriculture,Agriculture,Agriculture,Farming,425,425,17,1,to purchase manure for his banana plantation.,7
3199436,funded,Agriculture,Agriculture,Agriculture,Farm Supplies,425,425,15,1,to buy banana supporters to reduce the effect of winds on his banana plantation.,14
3199423,funded,Agriculture,Agriculture,Agriculture,Farming,250,250,7,1,to buy manure for his banana plantation.,7
3199426,funded,Agriculture,Agriculture,Agriculture,Farming,200,200,5,1,to buy manure for his banana plantation.,7
3199422,funded,Services,Services,Business,Tailoring,1100,1100,27,1,to buy a sewing machine and African fabric for sale.,10
3199419,funded,Services,Services,Business,Mobile Transactions,1100,1100,36,1,to use the funds as float for his mobile money business.,11
3199411,funded,Agriculture,Agriculture,Agriculture,Farming,1375,1375,34,1,to purchase manure for her coffee plantation.,7
3199413,funded,Agriculture,Agriculture,Agriculture,Farming,1375,1375,37,1,to buy mulch for improvement of her coffee plantation.,9
3199415,funded,Agriculture,Agriculture,Agriculture,Cattle,550,550,18,1,to buy cows for rearing and fattening.,7
3199409,funded,Food,Food,Personal,Beverages,425,425,7,1,to buy more matooke and troughs to use in her local brewing business.,13
3199416,funded,Agriculture,Agriculture,Agriculture,Farm Supplies,550,550,16,1,to buy manure for improvement of his banana plantation.,9
3199408,funded,Agriculture,Agriculture,Agriculture,Farming,825,825,16,1,to buy manure to improve her banana plantation yields.,9
3199406,funded,Agriculture,Agriculture,Agriculture,Farming,550,550,8,1,to buy manure to improve her banana plantation.,8
3199402,funded,Retail,Retail,Business,Electrical Goods,550,550,12,1,to buy more electrical goods to sell.,7
3199404,funded,Agriculture,Agriculture,Agriculture,Farming,825,825,28,1,to buy manure to improve her banana plantation.,8
3199403,funded,Retail,Retail,Business,Charcoal Sales,1900,1900,54,1,to purchase more charcoal to resell.,6
3199401,funded,Agriculture,Agriculture,Agriculture,Farming,825,825,19,1,to buy fertilizers and manure to add in his coffee plantation.,11
3199358,funded,Agriculture,Agriculture,Agriculture,Animal Sales,825,825,20,1,to buy goats to resell.,5
3199354,funded,Agriculture,Agriculture,Agriculture,Farming,1375,1375,148,1,to buy manure to improve her banana yields.,8
3199287,funded,Wholesale,Other,Personal,Wholesale,1900,1900,161,1,"to buy cartons  of baking powder, sacks of wheat flour and jerrycans of cooking oil to boost her business.",19
3199230,funded,Clothing,Clothing,Personal,Clothing Sales,425,425,9,1,to buy clothes for his clothing sales business.,8
3199250,funded,Retail,Retail,Business,Shoe Sales,1900,1900,43,1,to buy more stock for her business.,7
3199247,funded,Food,Food,Personal,Food Market,1075,1075,20,9,to buy more sacks of coffee and beans to add to her produce business.,14
3199244,funded,Food,Food,Personal,Food Stall,175,175,5,1,to buy sacks of maize and beans for his produce business.,11
3199242,funded,Agriculture,Agriculture,Agriculture,Farming,150,150,6,1,to buy manure and mulches for her coffee plantation.,9
3199240,funded,Agriculture,Agriculture,Agriculture,Farming,1100,1100,37,1,to purchase mulches for his vanilla farm.,7
3199239,funded,Agriculture,Agriculture,Agriculture,Farming,1375,1375,39,1,to buy manure for her banana plantation.,7
3199235,funded,Agriculture,Agriculture,Agriculture,Farming,825,825,23,1,to buy manure to improve her banana plantation.,8
3199231,funded,Agriculture,Agriculture,Agriculture,Farming,825,825,31,1,to buy fertilizers for the improvement of his coffee plantation.,10
3199234,funded,Agriculture,Agriculture,Agriculture,Farming,340,340,14,1,to buy fertilizers for his coffee plantation for more yields.,10
3199226,funded,Agriculture,Agriculture,Agriculture,Farming,550,550,20,1,to buy mulch for the improvement of his coffee plantation.,10
3199224,funded,Agriculture,Agriculture,Agriculture,Farm Supplies,275,275,3,1,to buy pesticides and herbicides for improvement of her coffee farm.,11
3199225,funded,Agriculture,Agriculture,Agriculture,Poultry,175,175,7,1,"to purchase essential items like chicks, feed, housing, feeders, and waterers.",11
3199219,funded,Retail,Retail,Business,Retail,550,550,18,1,"to buy soft drinks, snacks, biscuits, and stationary for his canteen.",11
3199207,funded,Agriculture,Agriculture,Agriculture,Farming,825,825,24,1,to buy manure for her banana plantation.,7
3199214,funded,Agriculture,Agriculture,Agriculture,Farming,1900,1900,179,1,to buy manure for the banana plantation.,7
3199216,funded,Agriculture,Agriculture,Agriculture,Cattle,615,615,21,1,to buy cattle for fattening and resale.,7
3199218,funded,Agriculture,Agriculture,Agriculture,Animal Sales,550,550,12,1,to buy more goats for resale.,6
3199213,funded,Services,Services,Business,Beauty Salon,150,150,6,1,"to buy essential equipment for the salon, like styling chairs and shampoo.",12
3199206,funded,Services,Services,Business,Beauty Salon,275,275,5,1,to buy essential equipment for the salon like styling chairs and shampoo.,12
3199209,funded,Food,Food,Personal,Pub,175,175,5,1,to buy more liquor as well as non-alcoholic options like soft drinks and water.,14
3199198,funded,Retail,Retail,Business,Retail,425,425,14,1,"to buy soft drinks, cosmetics, bread and biscuits for his retail shop.",12
3199189,funded,Agriculture,Agriculture,Agriculture,Farming,1100,1100,34,1,to buy manure and fertilizers for his crops.,8
3199196,funded,Agriculture,Agriculture,Agriculture,Farming,250,250,8,1,to buy manure for his coffee plantation.,7
3199186,funded,Clothing,Clothing,Personal,Clothing,550,550,13,1,to buy fabrics and clothes for her boutique business.,9
3199180,funded,Agriculture,Agriculture,Agriculture,Farming,275,275,7,1,to buy manure to add in her banana plantation.,9
3199184,funded,Food,Food,Personal,Restaurant,550,550,16,1,"to purchase sodas, water and other soft drinks.",8
3199182,funded,Retail,Retail,Business,General Store,1375,1375,81,1,"to buy maize flour, soap, sugar and rice for her retail shop business.",13
3199170,funded,Agriculture,Agriculture,Agriculture,Farming,325,325,4,1,to buy fertilizers to add in his coffee plantation.,9
3199176,funded,Food,Food,Personal,Food Market,825,825,13,1,to buy more coffee to add to her coffee trading business.,11
3199200,funded,Food,Food,Personal,Bakery,4075,4075,324,1,to buy more stock for his business.,7
3199181,funded,Food,Food,Personal,Restaurant,150,150,5,1,"to buy matoke (green plantains), posho (maize flour), rice, and beans.",11
3199120,funded,Agriculture,Agriculture,Agriculture,Farming,950,950,28,1,to buy manure to add in her banana plantation for improved harvests.,12
3199118,funded,Agriculture,Agriculture,Agriculture,Farm Supplies,425,425,9,1,to buy manure to improve his banana plantation.,8
3199135,funded,Services,Services,Business,Barber Shop,1500,1500,21,1,to buy more stock for his business.,7
3199115,funded,Agriculture,Agriculture,Agriculture,Farm Supplies,275,275,10,1,to buy banana stems and mulches for improvement of his banana plantation.,12
3199113,funded,Clothing,Clothing,Personal,Clothing Sales,550,550,12,1,to buy more secondhand clothes for her clothing sale business.,10
3199108,funded,Agriculture,Agriculture,Agriculture,Agriculture,550,550,6,1,to buy manure to add in his banana plantation.,9
3199104,funded,Agriculture,Agriculture,Agriculture,Farming,1225,1225,26,1,to buy mulches to improve her coffee plantation's land.,9
3199102,funded,Services,Services,Business,Beauty Salon,825,825,27,1,"to stock her salon with more braids, weaves, and cosmetics.",10
3199100,funded,Agriculture,Agriculture,Agriculture,Farming,275,275,2,1,to buy manure to add to her banana plantation.,9
3199097,funded,Agriculture,Agriculture,Agriculture,Animal Sales,425,425,11,1,to buy more goats to add in his goat trading business.,11
3199092,funded,Retail,Retail,Business,Jewelry,275,275,8,1,to buy more jewelry and accessories for resale.,8
3199081,funded,Food,Food,Personal,Restaurant,2725,2725,77,1,to buy more stock for her business.,7
3199015,funded,Retail,Retail,Business,Retail,4075,4075,290,1,to buy more stock for his retail business.,8
3198994,funded,Retail,Retail,Business,Retail,825,825,10,1,"to stock more stationery, sweets and biscuits for her canteen.",10
3198351,funded,Retail,Retail,Business,Retail,300,300,9,1,to buy more stock for the business.,7
3197882,funded,Agriculture,Agriculture,Agriculture,Pigs,150,150,2,1,to buy piglets to raise and fatten.,7
3197681,funded,Manufacturing,Other,Personal,Furniture Making,925,925,18,1,to expand his carpentry workshop and increase production.,8
3197676,funded,Retail,Retail,Business,Bookstore,1075,1075,25,1,to additional stock for his business.,6
3197642,funded,Retail,Retail,Business,Retail,1375,1375,134,1,"to purchase rice, sugar, soap for his business.",8
3182953,funded,Agriculture,Agriculture,Agriculture,Farm Supplies,675,675,15,1,to buy seedlings to grow.,5
3186583,funded,Food,Food,Personal,Cereals,275,275,2,1,"to purchase more maize for the business,.",7
3197147,funded,Health,Health,Personal,Pharmacy,425,425,16,1,"to buy more drugs for sale,.",6
3197133,funded,Food,Food,Personal,Grocery Store,275,275,7,1,"to buy more charcoal, groceries, and raw food for sale.",10
3197145,funded,Construction,Construction,Personal,Quarrying,150,150,4,1,to buy more stones to sell.,6
3197116,funded,Retail,Retail,Business,General Store,550,550,8,1,to buy more general merchandise to sell.,7
3199345,funded,Agriculture,Agriculture,Agriculture,Farming,425,425,9,1,to buy mulches and manure for the banana plantation.,9
3199343,funded,Agriculture,Agriculture,Agriculture,Farm Supplies,425,425,11,1,to buy manure and mulches to improve her banana plantation.,10
3193653,funded,Food,Food,Personal,Food Stall,125,125,5,1,"to buy more matooke, cassava, yams and Irish potatoes.",9
3195069,funded,Manufacturing,Other,Personal,Furniture Making,550,550,8,1,"to buy raw materials, timber used in making furniture.",9
3195073,funded,Services,Services,Business,Beauty Salon,275,275,11,1,"to buy braids, shampoo, rollers, and dryers.",7
3195054,funded,Services,Services,Business,Beauty Salon,1100,1100,18,1,"to buy weaves, braids and cosmetics.",6
3194478,funded,Clothing,Clothing,Personal,Clothing Sales,275,275,8,1,buy more stock of clothes for the business.,8
3194449,funded,Food,Food,Personal,Food Production/Sales,425,425,13,1,to purchase more matooke and additional produce like potatoes and fruits.,11
3195029,funded,Agriculture,Agriculture,Agriculture,Poultry,425,425,13,1,to purchase chicken feed and medicines.,6
3195023,funded,Housing,Housing,Personal,Property,425,425,12,1,to have additional capital for rental construction.,7
3194418,funded,Services,Services,Business,Beauty Salon,825,825,14,1,"to buy essential equipment for the salon like styling chairs, shampoo stations, hairdryers, mirrors, and professional tools like scissors, and clippers.",21
3190810,funded,Retail,Retail,Business,Electronics Sales,550,550,15,1,to purchase more electronic items.,5
3189503,funded,Agriculture,Agriculture,Agriculture,Livestock,1075,1075,13,1,to purchase more piglets and poultry feeds.,7
3195809,funded,Food,Food,Personal,Fruits & Vegetables,500,500,13,1,"to buy more fruits such as bananas, oranges and mangoes for selling.",12
3195899,funded,Construction,Construction,Personal,Construction Supplies,275,275,2,1,to buy construction materials to renovate his house.,8
3190307,funded,Food,Food,Personal,Food Stall,225,225,8,1,to purchase food stuffs.,4
3196120,funded,Food,Food,Personal,Liquor Store / Off-License,275,275,11,1,to buy more local brew to sell.,7
3196114,funded,Agriculture,Agriculture,Agriculture,Livestock,550,550,12,1,to buy more birds and animals for rearing.,8
3196110,funded,Food,Food,Personal,Beverages,275,275,4,1,to buy more coffee to sell.,6
3196086,funded,Clothing,Clothing,Personal,Clothing Sales,550,550,10,1,to buy more clothes to sell.,6
3196101,funded,Food,Food,Personal,Grocery Store,275,275,4,1,to buy more general merchandise to sell.,7
3196105,funded,Food,Food,Personal,Grocery Store,700,700,12,1,to buy more groceries to sell.,6
3196094,funded,Agriculture,Agriculture,Agriculture,Poultry,200,200,7,1,to buy more birds for sale.,6
3196077,funded,Retail,Retail,Business,Retail,425,425,14,1,buy more general merchandise for sale.,6
3196082,funded,Food,Food,Personal,Food Stall,150,150,4,1,buy more raw food for sale.,6
3196069,funded,Food,Food,Personal,Food Stall,275,275,9,1,buy more matooke for sale.,5
3196054,funded,Food,Food,Personal,Pub,425,425,12,1,to buy more alcohol to sell.,6
3196042,funded,Retail,Retail,Business,Retail,425,425,9,1,to buy more groceries to sell.,6
3196045,funded,Retail,Retail,Business,Retail,825,825,19,1,to buy more groceries and raw food to sell.,9
3196040,funded,Food,Food,Personal,Grocery Store,225,225,9,1,"buy groceries like onions, tomatoes and other vegetables for sale.",10
3195869,funded,Clothing,Clothing,Personal,Clothing Sales,550,550,15,1,"buy more trousers, skirts and dresses.",6
3195079,funded,Agriculture,Agriculture,Agriculture,Farming,1100,1100,17,1,to buy manure and mulch to improve soil nutrition and harvests for sale.,13
3194939,funded,Agriculture,Agriculture,Agriculture,Farm Supplies,1375,1375,32,1,to buy fertilizer and mulch to better soil fertility and control soil erosion.,13
3195052,funded,Agriculture,Agriculture,Agriculture,Farm Supplies,1100,1100,23,1,to buy manure and mulch to improve soil for farming and produce better harvests to sell.,16
3194933,funded,Agriculture,Agriculture,Agriculture,Farm Supplies,2750,2750,80,1,to buy more land for farm expansion and manure to get better harvests for sale.,15
3182150,funded,Retail,Retail,Business,Retail,550,550,12,1,"to buy clothes, fabric, food, and other items to sell.",10
3180777,funded,Construction,Construction,Personal,Construction Supplies,1600,1600,25,1,to add capital to buy materials for brick and block laying.,11
3180794,funded,Retail,Retail,Business,Home Products Sales,1600,1600,33,1,to add more liquid soap and other items to her inventory.,11
3189442,funded,Retail,Retail,Business,General Store,400,400,9,1,"to buy posho, sugar, salt, and soft drinks to sell at her retail shop.",14
3189475,funded,Retail,Retail,Business,General Store,275,275,8,1,to purchase more biscuits and sweets to sell at her retail shop.,12
3195624,funded,Retail,Retail,Business,Retail,275,275,8,1,to buy more stock for her business.,7
3195618,funded,Food,Food,Personal,Butcher Shop,1100,1100,35,1,to buy more chicken for his business.,7
3195611,funded,Retail,Retail,Business,Retail,4125,4125,307,1,to buy more stock for his business.,7
3195066,funded,Agriculture,Agriculture,Agriculture,Farming,550,550,15,1,to buy manure and mulches to improve soils for farming and better harvests for sale.,15
3182131,funded,Retail,Retail,Business,General Store,700,700,25,1,to add stock to the business.,6
3194791,funded,Retail,Retail,Business,General Store,25,25,1,1,to buy an assortment of merchandise to sell to generate revenue.,11
3189432,funded,Food,Food,Personal,Food Market,400,400,12,1,"to buy foodstuffs to sell such as plantains, tomatoes, and onions.",11
3195034,funded,Agriculture,Agriculture,Agriculture,Farming,825,825,81,1,to buy manure and pesticides to control pest attacks and improve soil nutrition.,13
3194787,funded,Agriculture,Agriculture,Agriculture,Cattle,2750,2750,125,1,to buy better breeds of cattle for rearing and sell to generate revenue.,13
3194790,funded,Agriculture,Agriculture,Agriculture,Farm Supplies,1100,1100,20,1,to buy mulch and manure to improve soil for farming and better harvests.,13
3194780,funded,Agriculture,Agriculture,Agriculture,Farming,2200,2200,92,1,to buy NPK fertilizers to improve soil for healthy coffee growing.,11
3194776,funded,Agriculture,Agriculture,Agriculture,Farm Supplies,1375,1375,44,1,to buy mulches and manure to improve soils for farming and attain better harvests for selling.,16
3194431,funded,Water,Other,Personal,Community Water Distribution,350,350,11,1,to buy more water tanks to store water for sale.,10
3180419,funded,Retail,Retail,Business,General Store,1350,1350,42,1,to add stock to the business.,6
3180835,funded,Health,Health,Personal,Medical Clinic,1350,1350,13,1,to buy medicine and other items for his medical clinic.,10
3189456,funded,Services,Services,Business,Beauty Salon,275,275,4,1,"to Additional capital for the purchase more braids and saloon equipment,.",11
3189431,funded,Reuse & Recycle,Other,Personal,Used Clothing,325,325,3,1,to buy secondhand clothes to sell.,6
3189430,funded,Food,Food,Personal,Restaurant,275,275,8,1,"to buy more foodstuffs such as rice, beans, and plantains for her restaurant.",13
3189429,funded,Agriculture,Agriculture,Agriculture,Pigs,275,275,5,1,to buy more feed and medicines for her pigs.,9
3180848,funded,Food,Food,Personal,Food,825,825,30,1,to buy dry food to sell.,6
3180387,funded,Retail,Retail,Business,General Store,1400,1400,52,1,to increase the inventory for his retail business.,8
3180398,funded,Retail,Retail,Business,General Store,1325,1325,37,1,to add inventory to her retail business.,7
3180333,funded,Services,Services,Business,Tailoring,950,950,35,1,to buy clothes fabrics and other items for sell.,9
3180347,funded,Retail,Retail,Business,General Store,1075,1075,28,1,to add stock to the business.,6
3180369,funded,Food,Food,Personal,Food,2075,2075,69,1,to add stock to the business.,6
3180247,funded,Food,Food,Personal,Butcher Shop,1075,1075,18,1,to add capital for the butcher shop.,7
3180265,funded,Food,Food,Personal,Food,1075,1075,28,1,to add stock to the business.,6
3195107,funded,Food,Food,Personal,Grocery Store,350,350,13,1,to buy more groceries for the business.,7
3195104,funded,Services,Services,Business,Tailoring,150,150,6,1,"to purchase threads, beads and cloth rolls.",7
3195056,funded,Agriculture,Agriculture,Agriculture,Farm Supplies,425,425,12,1,to buy fertilizers to improve soil fertility and better harvests for sell.,12
3194932,funded,Agriculture,Agriculture,Agriculture,Farm Supplies,175,175,6,1,to buy fertilizers to improve soils for farming and better harvests for sale.,13
3180225,funded,Services,Services,Business,Barber Shop,275,275,8,1,to add capital for the barber shop.,7
3180026,funded,Retail,Retail,Business,General Store,450,450,13,1,to add stock to his business.,6
3180025,funded,Food,Food,Personal,Food Stall,1075,1075,10,1,to add stock to the business.,6
3179950,funded,Agriculture,Agriculture,Agriculture,Poultry,800,800,17,1,to buy more chickens and feed.,6
3180022,funded,Food,Food,Personal,Food Stall,1075,1075,18,1,to buy dry food for sell.,6
3190305,funded,Food,Food,Personal,Pub,150,150,1,1,to purchase more drinks for the bar and livestock feeds and medicines.,12
3189428,funded,Food,Food,Personal,Restaurant,400,400,6,1,"to buy foodstuffs for her restaurant such as rice, beans, and plantains.",12
3195087,funded,Food,Food,Personal,Restaurant,550,550,15,1,"buy tables, chairs and drinks.",5
3195082,funded,Food,Food,Personal,Restaurant,425,425,13,1,buy a fridge for the restaurant and purchase soft drinks.,10
3195081,funded,Retail,Retail,Business,Retail,425,425,9,1,"purchase more grocery items like sugar, salt and soap.",9
3195077,funded,Food,Food,Personal,Food,425,425,16,1,"to purchase more food stuffs like bananas, cassava and potatoes for selling.",12
3194406,funded,Agriculture,Agriculture,Agriculture,Farming,525,525,11,1,to purchase fertilizers and pesticides.,5
3195060,funded,Retail,Retail,Business,Shoe Sales,425,425,17,1,to get additional capital for buying more shoes.,8
3194917,funded,Retail,Retail,Business,Retail,275,275,5,1,to buy an assortment of merchandise to sell to increase income.,11
3194881,funded,Agriculture,Agriculture,Agriculture,Farm Supplies,125,125,2,1,to buy fertilizers to improve soils and harvest better coffee to sell at profitable prices.,15
3194886,funded,Agriculture,Agriculture,Agriculture,Farm Supplies,275,275,9,1,to buy fertilizers to improve soil nutrients and produce better coffee harvests.,12
3194876,funded,Agriculture,Agriculture,Agriculture,Farm Supplies,550,550,15,1,to buy fertilizers to improve soil nutrients for healthy harvests for sale.,12
3194859,funded,Agriculture,Agriculture,Agriculture,Farm Supplies,550,550,16,1,to buy fertilizers and mulches to improve the soil for farming and for better harvests.,15
3194871,funded,Agriculture,Agriculture,Agriculture,Farm Supplies,825,825,22,1,to buy fertilizers to improve soils for farming and better harvest for sale.,13
3194848,funded,Agriculture,Agriculture,Agriculture,Farming,275,275,11,1,to buy fertilizers to improve soil for farming and better harvests to  sell.,13
3194847,funded,Food,Food,Personal,Food Market,275,275,6,1,to buy fresh food stuffs to sell and generate revenue.,10
3194837,funded,Agriculture,Agriculture,Agriculture,Farming,150,150,6,1,to buy fertilizers to improve the soil for farming and get better harvests for sale.,15
3194809,funded,Agriculture,Agriculture,Agriculture,Farming,1465,1465,25,1,to buy seedlings and land for harvesting to sell and generate revenue.,12
3194802,funded,Agriculture,Agriculture,Agriculture,Farming,575,575,16,1,to buy manure and mulches to improve soils for farming and better harvests to sell.,15
3194929,funded,Services,Services,Business,Mobile Transactions,2750,2750,192,1,to add float for mobile lines and serve customers better.,10
3193520,funded,Clothing,Clothing,Personal,Clothing Sales,4075,4075,314,1,to buy more clothes to sell and generate revenue.,9
3193524,funded,Agriculture,Agriculture,Agriculture,Farming,225,225,7,1,to buy seeds and organic manure to improve yields.,9
3193511,funded,Manufacturing,Other,Personal,Furniture Making,150,150,5,1,"to buy cushions, timber, and varnish to make furniture for sale to generate revenue.",14
3193508,funded,Retail,Retail,Business,General Store,275,275,11,1,"to replenish the shop, provide customers with more stock, and earn more from increased sales.",15
3193507,funded,Retail,Retail,Business,General Store,550,550,20,1,to restock inventory to sell and generate revenue.,8
3193505,funded,Reuse & Recycle,Other,Personal,Used Clothing,275,275,11,1,to buy bales of second-hand clothes and bedsheets to sell and generate revenue.,13
3193385,funded,Agriculture,Agriculture,Agriculture,Poultry,225,225,6,1,to buy more chicks for rearing and sale to generate revenue.,11
3193444,funded,Agriculture,Agriculture,Agriculture,Animal Sales,2175,2175,235,1,to buy more cows for fattening and sale to generate revenue.,11
3193378,funded,Retail,Retail,Business,Cloth & Dressmaking Supplies,100,100,3,1,to buy African fabrics to sell and generate revenue.,9
3192512,funded,Retail,Retail,Business,General Store,275,275,11,1,to buy assorted merchandise to restock her shop.,8
3192485,funded,Services,Services,Business,Printing,275,275,11,1,to buy stationery to assist him in printing services.,9
3192567,funded,Food,Food,Personal,Pub,1100,1100,29,1,"to buy more crates of beers, sodas, water, and energy drinks.",11
3193389,funded,Agriculture,Agriculture,Agriculture,Cattle,700,700,12,1,to buy more cows for fattening and sale.,8
3193308,funded,Housing,Housing,Personal,Personal Housing Expenses,1900,1900,56,1,to buy building materials to finish her house.,8
3193304,funded,Food,Food,Personal,Food,2700,2700,83,1,to buy more sacks of cassava flour to sell.,9
3192474,funded,Agriculture,Agriculture,Agriculture,Animal Sales,275,275,10,1,to buy more calves for fattening.,6
3192375,funded,Services,Services,Business,Tailoring,1075,1075,35,1,to buy more sewing machines for improved profits.,8
3192449,funded,Services,Services,Business,Tailoring,225,225,7,1,to buy more bitenge materials.,5
3192387,funded,Agriculture,Agriculture,Agriculture,Animal Sales,950,950,31,1,to buy more cows for fattening for improved profits.,9
3181488,funded,Food,Food,Personal,Food,550,550,17,1,to add stock to the business.,6
3179948,funded,Food,Food,Personal,Restaurant,1075,1075,21,1,to add stock to the business.,6
3179949,funded,Retail,Retail,Business,General Store,1075,1075,21,1,to add stock to the business.,6
3179947,funded,Retail,Retail,Business,General Store,800,800,26,1,to add stock to her business.,6
3179946,funded,Food,Food,Personal,Food,800,800,12,1,to buy dry food to sell.,6
3178866,funded,Clothing,Clothing,Personal,Clothing Sales,1075,1075,35,1,to buy fabric and materials to sell.,7
3178854,funded,Retail,Retail,Business,General Store,1350,1350,29,1,to add stock to his business.,6
3178847,funded,Retail,Retail,Business,Spare Parts,1075,1075,40,1,to add capital in his bicycle repair workshop.,8
3178190,funded,Services,Services,Business,Bicycle Repair,800,800,29,1,to add capital in the bicycle repairing workshop.,8
3178840,funded,Retail,Retail,Business,General Store,1600,1600,30,1,to add stock to the business.,6
3178148,funded,Services,Services,Business,Tailoring,1150,1150,41,1,to buy fabric and materials to sew and sell.,9
3178125,funded,Retail,Retail,Business,General Store,2125,2125,81,1,to add stock to the business.,6
3178055,funded,Agriculture,Agriculture,Agriculture,Farming,1075,1075,38,1,to buy seedlings to diversify her crops and increase sales.,10
3178082,funded,Retail,Retail,Business,General Store,1075,1075,36,1,to add stock to the business.,6
3178000,funded,Retail,Retail,Business,General Store,1475,1475,136,1,to add stock to the business.,6
3194474,funded,Food,Food,Personal,Pub,275,275,10,1,"to buy soft drinks, beers and chairs for the business.",10
3189411,funded,Food,Food,Personal,Restaurant,550,550,10,1,"to buy more food stuff (rice, beans, matooke) for the business.",11
3194469,funded,Services,Services,Business,Beauty Salon,425,425,17,1,"to purchase rollers, braiders and dryers for the salon.",9
3194461,funded,Retail,Retail,Business,Charcoal Sales,825,825,22,1,to purchase more charcoal for business.,6
3194458,funded,Services,Services,Business,Event Planning,275,275,7,1,"buy more decoration materials (flowers, cloths, chairs, and tents).",9
3194455,funded,Food,Food,Personal,Grocery Store,275,275,11,1,"to buy tomatoes, onions, and matooke to sell.",8
3194259,funded,Food,Food,Personal,Restaurant,1100,1100,40,1,to buy more ingredients and supplies for her restaurant and bakery.,11
3194429,funded,Services,Services,Business,Tailoring,425,425,3,1,to purchase enough clothing patterns to make new dresses to sell.,11
3194438,funded,Agriculture,Agriculture,Agriculture,Poultry,225,225,8,1,"to purchase items like chicks, feed, housing, feeders, brooders, and potentially equipment for disease control and egg collection.",18
3194422,funded,Services,Services,Business,Beauty Salon,275,275,7,1,"to buy essential equipment for the salon like styling chairs, shampoo stations, hairdryers, mirrors, and professional tools scissors and  clippers.",20
3194416,funded,Retail,Retail,Business,Charcoal Sales,150,150,4,1,to purchase more charcoal to sell.,6
3194413,funded,Retail,Retail,Business,Charcoal Sales,200,200,5,1,to purchase more charcoal to sell.,6
3194368,funded,Services,Services,Business,Vehicle Repairs,250,250,10,1,to meet general car repairs to resume work.,8
3194282,funded,Retail,Retail,Business,Retail,25,25,1,1,to pay for inventory to sell and generate revenue.,9
3194257,funded,Education,Other,Personal,Primary/secondary school costs,825,825,8,1,to pay school fees for her children.,7
3194275,funded,Housing,Housing,Personal,Property,1100,1100,11,1,to fund completion of his rental units to have better earnings from his business.,14
3194190,funded,Housing,Housing,Personal,Property,375,375,12,1,to buy construction materials to renovate rentals and earn better from the business.,13
3194926,funded,Food,Food,Personal,Food Production/Sales,825,825,32,1,to buy raw materials for making yoghurt to sell.,9
3194921,funded,Retail,Retail,Business,Cloth & Dressmaking Supplies,100,100,2,1,to buy more African fabrics to sell to generate revenue.,10
3193315,funded,Retail,Retail,Business,General Store,4075,4075,546,1,to buy assorted merchandise for restocking her shop.,8
3194778,funded,Agriculture,Agriculture,Agriculture,Livestock,125,125,2,1,to buy more goats for fattening and sale.,8
3194412,funded,Agriculture,Agriculture,Agriculture,Poultry,275,275,10,1,to buy more chicks to rear and feed for her poultry business.,12
3194397,funded,Retail,Retail,Business,Home Products Sales,275,275,11,1,to buy an assortment of merchandise to sell in her store.,11
3194410,funded,Retail,Retail,Business,General Store,275,275,11,1,to buy a fridge to sell chilled drinks to generate revenue.,11
3194402,funded,Food,Food,Personal,Pub,275,275,11,1,"to buy soft drinks, bottled water, wines and spirits to sell and generate revenue.",14
3194392,funded,Retail,Retail,Business,Retail,275,275,11,1,to restock assortment of merchandise for sell to generate revenue.,10
3194270,funded,Clothing,Clothing,Personal,Clothing Sales,3825,3825,381,1,to buy more fashionable clothes to sell and generate revenue.,10
3194387,funded,Food,Food,Personal,Pub,425,425,17,1,"to buy soft drinks, beers, wines and spirits to sell and generate revenue.",13
3194278,funded,Retail,Retail,Business,Jewelry,4100,4100,304,1,to buy more jewelry to sell and generate revenue.,9
3194263,funded,Services,Services,Business,Barber Shop,1375,1375,196,1,to buy salon equipment to better serve customers.,8
3194253,funded,Agriculture,Agriculture,Agriculture,Farming,150,150,5,1,to buy herbicides and pesticides to control pests and improve his harvest.,12
3194267,funded,Retail,Retail,Business,Jewelry,4100,4100,438,1,to buy more jewelry to sell and generate revenue.,9
3194248,funded,Transportation,Other,Personal,Motorcycle Transport,550,550,16,1,"to buy a motorcycle to diversify her income, improve mobility for business operations, and increase her earnings.",17
3194246,funded,Services,Services,Business,Tailoring,150,150,3,1,to buy African fabrics and materials to make clothes to sell.,11
3194244,funded,Agriculture,Agriculture,Agriculture,Farming,350,350,14,1,to buy manure and mulch to improve the soil for healthy harvests.,12
3194234,funded,Retail,Retail,Business,General Store,150,150,1,1,to restock merchandise to sell and generate revenue.,8
3194205,funded,Services,Services,Business,Printing,275,275,10,1,"to buy toners, ink, and paper to better serve customers and generate revenue.",13
3194201,funded,Clothing,Clothing,Personal,Clothing Sales,1925,1925,233,1,to buy more clothes to sell.,6
3194178,funded,Services,Services,Business,Tailoring,1100,1100,30,1,to buy fabrics and cloth making materials to sell and generate revenue.,12
3194148,funded,Retail,Retail,Business,Electronics Sales,700,700,24,1,to buy electrical spare parts to sell and generate revenue.,10
3194142,funded,Food,Food,Personal,Fish Selling,200,200,8,1,to buy more fish to sell and generate revenue.,9
3194118,funded,Arts,Other,Personal,Textiles,1375,1375,42,1,to buy more African fabrics and textiles to sell and generate revenue.,12
3193635,funded,Clothing,Clothing,Personal,Clothing Sales,700,700,24,1,to buy more fashionable clothes to sell and generate revenue.,10
3193628,funded,Retail,Retail,Business,Retail,700,700,27,1,to replenish stock and increase stock for sale to generate revenue.,11
3193630,funded,Food,Food,Personal,Pub,1375,1375,184,1,"to stock drinks, beers, wines, spirits to sell and generate revenue.",11
3193625,funded,Agriculture,Agriculture,Agriculture,Farming,1375,1375,43,1,to buy manure and mulches to improve soils for farming and better harvests for sell.,15
3193624,funded,Manufacturing,Other,Personal,Furniture Making,550,550,19,1,"to buy timber, cushions, cushion covers, varnish to serve customers better.",11
3193621,funded,Food,Food,Personal,Beverages,700,700,58,1,"to buy more soft drinks, beers, wines , spirits to sell and generate revenue.",14
3193602,funded,Food,Food,Personal,Food Production/Sales,275,275,10,1,"to buy millet flour, yeast, packaging bottles to make bushera for sell to generate revenue.",15
3193599,funded,Retail,Retail,Business,Retail,275,275,11,1,to buy inventory to sell and generate revenue.,8
3193608,funded,Agriculture,Agriculture,Agriculture,Agriculture,550,550,20,1,to buy maize harvests for milling and sell to generate revenue.,11
3193613,funded,Services,Services,Business,Services,275,275,9,1,to buy more maize for milling and sell to generate revenue.,11
3193597,funded,Retail,Retail,Business,Retail,225,225,7,1,to restock assortment of merchandise for sell to generate revenue.,10
3193514,funded,Food,Food,Personal,Grocery Store,150,150,5,1,"to buy more onions, tomatoes, carrots, vegetable to sell and generate revenue.",12
3193503,funded,Agriculture,Agriculture,Agriculture,Animal Sales,1375,1375,166,1,to buy more cows for fattening and sale to generate revenue.,11
3193313,funded,Food,Food,Personal,Food,4050,4050,364,1,"to buy maize, sorghum, cassava, millet and packaging materials.",9
3177972,funded,Clothing,Clothing,Personal,Clothing Sales,550,550,21,1,to buy clothing items for resale.,6
3177909,funded,Agriculture,Agriculture,Agriculture,Farm Supplies,1350,1350,17,1,to buy seedlings to diversify her crops and increase sales.,10
3177947,funded,Services,Services,Business,Mobile Transactions,800,800,7,1,to add capital to her mobile money business.,8
3192359,funded,Food,Food,Personal,Cereals,550,550,14,1,to buy more sacks of maize and beans for improved profits.,11
3189559,funded,Agriculture,Agriculture,Agriculture,Farm Supplies,950,950,15,1,to buy manure and mulches to control soil erosion and better the soils for healthy harvests.,16
3192337,funded,Clothing,Clothing,Personal,Clothing,1075,1075,137,1,"to buy ladies' dresses, men's trousers, and other assorted clothes.",10
3189515,funded,Agriculture,Agriculture,Agriculture,Farming,100,100,1,1,to buy fertilizers to improve the soil for healthy coffee growing to sell.,13
3189547,funded,Agriculture,Agriculture,Agriculture,Animal Sales,100,100,1,1,to buy more cows for fattening and sale to generate revenue.,11
3189415,funded,Agriculture,Agriculture,Agriculture,Farming,400,400,11,1,to buy fertilizers to improve soils for healthy crop harvests to sell.,12
3189482,expired,Agriculture,Agriculture,Agriculture,Farm Supplies,3450,0,0,1,to buy fertilizers to improve the soils for healthy farming.,10
3189400,funded,Agriculture,Agriculture,Agriculture,Animal Sales,100,100,1,1,to buy more cows to raise to be healthy and sell to generate revenue.,14
3189408,funded,Agriculture,Agriculture,Agriculture,Animal Sales,175,175,6,1,to buy more cows for fattening and to sell to generate revenue.,12
3189385,funded,Agriculture,Agriculture,Agriculture,Farming,400,400,11,1,to buy fertilizers to improve soil for farming and better harvests.,11
3189393,funded,Agriculture,Agriculture,Agriculture,Farming,425,425,12,1,to buy mulches and manure to improve soil for farming and grow healthy onions to sell.,16
3189395,funded,Retail,Retail,Business,General Store,1075,1075,32,1,to buy an assortment of merchandise to sell to generate revenue.,11
3187947,funded,Agriculture,Agriculture,Agriculture,Farming,800,800,29,1,to buy fertilizers to improve soils for farming and better harvests to sell.,13
3188068,expired,Agriculture,Agriculture,Agriculture,Cattle,2125,0,0,1,to buy more cows for milk production and to sell to generate revenue.,13
3187907,funded,Agriculture,Agriculture,Agriculture,Farming,1350,1350,25,1,to buy manure and mulches to improve harvests to sell and generate revenue.,13
3187922,expired,Agriculture,Agriculture,Agriculture,Farming,2125,0,0,1,to buy fertilizers to improve soils for farming and better harvests for sale.,13
3187901,funded,Agriculture,Agriculture,Agriculture,Farming,200,200,8,1,to buy manure to improve soils for farming and generate better harvests.,12
3187903,funded,Agriculture,Agriculture,Agriculture,Farming,1350,1350,11,1,to buy fertilizers to improve soils for farming and better harvests for sale.,13
3187859,funded,Agriculture,Agriculture,Agriculture,Dairy,25,25,1,1,to buy more dairy cows for milk production to sell to generate revenue.,13
3187870,funded,Agriculture,Agriculture,Agriculture,Farm Supplies,1350,1350,15,1,to buy fertilizers and mulches to improve his soils for farming to better his harvests to sell.,17
3187886,funded,Agriculture,Agriculture,Agriculture,Farm Supplies,400,400,10,1,to buy seedlings for planting to grow more coffee to sell to generate revenue.,14
3187837,funded,Agriculture,Agriculture,Agriculture,Farming,2675,2675,76,1,to buy banana suckers and manure to improve harvests to sell in order to generate revenue.,16
3187827,funded,Agriculture,Agriculture,Agriculture,Dairy,25,25,1,1,to buy more dairy cows for milk production to sell and generate revenue.,13
3187693,funded,Agriculture,Agriculture,Agriculture,Farming,2675,2675,278,1,to buy fertilizers to improve soil for farming and create better harvests for selling.,14
3187275,funded,Agriculture,Agriculture,Agriculture,Animal Sales,2675,2675,325,1,to buy more cows for fattening.,6
3187259,expired,Agriculture,Agriculture,Agriculture,Farm Supplies,2675,0,0,1,to buy more seedlings.,4
3187255,funded,Agriculture,Agriculture,Agriculture,Farming,2125,2125,64,1,to buy manure to improve harvests.,6
3187764,funded,Agriculture,Agriculture,Agriculture,Farming,1075,1075,37,1,to buy manure to improve the soil for farming and for better harvests for selling.,15
3187217,funded,Agriculture,Agriculture,Agriculture,Farming,275,275,11,1,to buy manure and bana suckers to improve yield.,9
3187230,funded,Agriculture,Agriculture,Agriculture,Farm Supplies,25,25,1,1,"to buy fertilizers, seedlings to grow more coffee.",8
3187173,funded,Agriculture,Agriculture,Agriculture,Farming,2675,2675,289,1,to buy mulches and manure to improve soils for farming and better harvests to sell.,15
3187182,funded,Agriculture,Agriculture,Agriculture,Farming,800,800,17,1,to buy fertilizers to improve soils to farm and have better harvests.,12
3187204,funded,Agriculture,Agriculture,Agriculture,Farming,800,800,22,1,to buy fertilizers to improve soils for farming and better harvests to sell.,13
3187093,funded,Agriculture,Agriculture,Agriculture,Farming,600,600,8,1,to buy manure to improve the soils for farming and better harvests to sell.,14
3187108,funded,Agriculture,Agriculture,Agriculture,Farming,2675,2675,70,1,to buy coffee seedlings and pesticides to grow more coffee to sell to generate revenue.,15
3187084,funded,Agriculture,Agriculture,Agriculture,Farming,2675,2675,48,1,to buy manure and mulches to improve soils and enhance harvests.,11
3187059,funded,Arts,Other,Personal,Crafts,2675,2675,356,1,to buy more pots and vases to sell.,8
3187029,funded,Retail,Retail,Business,General Store,400,400,16,1,to restock her retail shop with an assortment of merchandise to sell.,12
3187052,funded,Retail,Retail,Business,Spare Parts,4000,4000,367,1,to restock spare parts to sell to generate revenue.,9
3186988,funded,Housing,Housing,Personal,Property,800,800,31,1,to clear renovation expenses and start earning from the rentals.,10
3186980,funded,Agriculture,Agriculture,Agriculture,Veterinary Sales,500,500,11,1,to buy agricultural supplies.,4
3186985,funded,Retail,Retail,Business,Retail,400,400,11,1,"to buy foodstuffs, plastics, and soft drinks to sell and generate revenue.",12
3186977,funded,Agriculture,Agriculture,Agriculture,Farm Supplies,1875,1875,133,1,to buy fertilizers to improve soils for farming.,8
3186965,funded,Agriculture,Agriculture,Agriculture,Poultry,1350,1350,18,1,to buy feed to rear and sell her chickens.,9
3186978,funded,Education,Other,Personal,Primary/secondary school costs,800,800,21,1,to pay school fees for his children.,7
3186570,expired,Agriculture,Agriculture,Agriculture,Farm Supplies,2675,0,0,1,to buy manure to improve harvests for selling to generate revenue.,11
3186562,funded,Agriculture,Agriculture,Agriculture,Poultry,2675,2675,285,1,to buy quality feeds for poultry feeding to improve them for selling.,12
3186556,funded,Agriculture,Agriculture,Agriculture,Farming,100,100,4,1,to buy a coffee milling machine to better serve more local coffee farmers.,13
3186544,expired,Agriculture,Agriculture,Agriculture,Farm Supplies,2675,0,0,1,to buy fertilizers and hire labor to work and improve harvests for sell.,13
3186476,funded,Agriculture,Agriculture,Agriculture,Poultry,2675,2675,289,1,to buy chicks and mixed feed to rear and sell healthy chickens.,12
3186317,funded,Agriculture,Agriculture,Agriculture,Farming,1075,1075,20,1,to buy manure and mulches to grow healthy bananas for selling to generate revenue.,14
3186298,funded,Agriculture,Agriculture,Agriculture,Agriculture,1350,1350,16,1,to buy a coffee milling machine to serve customers better and earn income for survival.,15
3186249,funded,Agriculture,Agriculture,Agriculture,Farming,1075,1075,21,1,to buy more land and seedlings to replant and grow more coffee to sell.,14
3186285,expired,Agriculture,Agriculture,Agriculture,Farming,1075,0,0,1,to buy fertilizers to improve soil for farming and gain better harvests.,12
3186269,funded,Agriculture,Agriculture,Agriculture,Farm Supplies,3725,3725,94,1,to buy manure and mulch to improve soil for healthy crop growing.,12
3186218,funded,Agriculture,Agriculture,Agriculture,Farm Supplies,800,800,12,1,to buy manure and mulch to improve the soil for farming and better harvests for sale.,16
3186230,funded,Agriculture,Agriculture,Agriculture,Farm Supplies,1350,1350,23,1,to buy fertilizers to improve soils for farming to achieve better harvests to sell.,14
3186182,funded,Agriculture,Agriculture,Agriculture,Farming,275,275,7,1,to buy NPK fertilizers to improve soils for farming and better harvests.,12
3186202,funded,Agriculture,Agriculture,Agriculture,Farming,800,800,11,1,to buy manure and mulch to improve her soil for farming and for better harvests.,15
3186208,funded,Agriculture,Agriculture,Agriculture,Farming,800,800,24,1,to buy manure and mulch to improve her soil for farming and better harvests to sell.,16
3186149,funded,Agriculture,Agriculture,Agriculture,Farming,675,675,8,1,to buy pesticides to spray her farm and grow healthy coffee to sell to generate revenue.,16
3186134,funded,Agriculture,Agriculture,Agriculture,Farm Supplies,800,800,12,1,to buy manure and mulches to improve soils for healthy harvests to then sell.,14
3186067,funded,Agriculture,Agriculture,Agriculture,Farm Supplies,1075,1075,19,1,to buy manure and mulches to improve soils for farming and better harvests for sale.,15
3186105,funded,Agriculture,Agriculture,Agriculture,Farm Supplies,1075,1075,17,1,to buy manure and mulches to improve soil fertility and grow healthy coffee for sell.,15
3186092,funded,Agriculture,Agriculture,Agriculture,Animal Sales,1650,1650,29,1,to buy more cows for fattening and sale to generate revenue.,11
3184733,funded,Agriculture,Agriculture,Agriculture,Farming,2125,2125,52,1,to buy mulches and manure to improve the soil for farming and have better harvests to sell.,17
3184728,funded,Agriculture,Agriculture,Agriculture,Farm Supplies,2400,2400,55,1,to buy mulches and manure to improve his soil for farming and have better harvests to sell.,17
3184715,funded,Agriculture,Agriculture,Agriculture,Veterinary Sales,2675,2675,280,1,"to buy herbicides, pesticides, fertilizers, manure, drugs and vaccines to sell and generate revenue.",14
3184717,funded,Agriculture,Agriculture,Agriculture,Farming,570,570,17,1,to buy mulches and manure to improve the soiled for farming and have better harvests to sell.,17
3184719,funded,Agriculture,Agriculture,Agriculture,Animal Sales,1725,1725,51,1,to buy more cows for fattening and selling to generate revenue.,11
3184709,funded,Retail,Retail,Business,Retail,1350,1350,147,1,to restock an assortment of merchandise to sell to generate revenue.,11
3184711,funded,Retail,Retail,Business,Retail,400,400,12,1,to buy an assortment of merchandise to sell to generate revenue.,11
3184021,funded,Agriculture,Agriculture,Agriculture,Farming,2125,2125,39,1,to buy manure and mulch for his coffee plantation for improved yields.,12
3184512,funded,Construction,Construction,Personal,Timber Sales,250,250,6,1,to buy more timber to sell and generate revenue.,9
3184518,funded,Food,Food,Personal,Fruits & Vegetables,800,800,26,1,to buy more sacks of onions to sell and generate revenue.,11
3184019,funded,Agriculture,Agriculture,Agriculture,Farming,2675,2675,51,1,to buy manure and mulches for his coffee plantation for improved yields.,12
3184020,funded,Retail,Retail,Business,General Store,1350,1350,142,1,to restock inventory to sell and generate revenue.,8
3184009,funded,Agriculture,Agriculture,Agriculture,Poultry,800,800,27,1,to buy more birds for egg and meat production to sell and generate revenue.,14
3184013,expired,Agriculture,Agriculture,Agriculture,Animal Sales,2675,0,0,1,to buy more cows for fattening to improve income.,9
3184008,funded,Housing,Housing,Personal,Property,800,800,23,1,"to buy bricks, sand and cement to renovate her rental units.",11
3184005,funded,Retail,Retail,Business,Shoe Sales,1725,1725,178,1,to buy more bales of shoes to sell and generate revenue.,11
3184002,funded,Food,Food,Personal,Pub,2675,2675,279,1,to buy more beers and wines to sell and generate revenue.,11
3183987,funded,Clothing,Clothing,Personal,Clothing Sales,1350,1350,64,1,to buy more fabrics and textiles to sell and generate revenue.,11
3184001,funded,Retail,Retail,Business,General Store,800,800,9,1,to buy assorted merchandise for reselling for improved profits.,9
3183992,funded,Food,Food,Personal,Cereals,175,175,4,1,to buy more rice produce to sell and generate revenue.,10
3183894,funded,Food,Food,Personal,Pub,50,50,1,1,to buy more drinks to sell and generate revenue.,9
3183897,funded,Agriculture,Agriculture,Agriculture,Animal Sales,3725,3725,341,1,to purchase additional cows for fattening improved income.,8
3183888,funded,Retail,Retail,Business,Retail,800,800,20,1,"to restock dry food stuffs, plastics, soft drinks to sell and generate revenue.",13
3183890,funded,Retail,Retail,Business,Retail,50,50,1,1,to restock assortment of merchandise for sell to generate revenue.,10
3183892,funded,Agriculture,Agriculture,Agriculture,Animal Sales,125,125,2,1,to purchase additional cows for fattening.,6
3183882,funded,Housing,Housing,Personal,Personal Housing Expenses,1075,1075,21,1,"to buy sand, cement and bricks to renovate his guest house.",11
3183877,funded,Food,Food,Personal,Butcher Shop,455,455,12,1,to buy meat to sell.,5
3184567,funded,Retail,Retail,Business,Retail,550,550,14,1,to restock an assortment of merchandise to sell to generate revenue.,11
3183884,funded,Clothing,Clothing,Personal,Clothing,800,800,28,1,to buy beddings to sell and generate revenue.,8
3183846,funded,Retail,Retail,Business,Shoe Sales,2675,2675,59,1,to buy more bales of shoes to sell to generate revenue.,11
3183872,funded,Services,Services,Business,Services,4000,4000,445,1,to buy beddings to make lodges better and comfortable to earn more income.,13
3183840,funded,Clothing,Clothing,Personal,Clothing Sales,800,800,26,1,to buy more ladies handbags and men's shirts for improved profits and business expansion.,14
3183837,funded,Agriculture,Agriculture,Agriculture,Farming,200,200,1,1,to buy more charcoal for restocking his business for improved profits.,11
3183833,funded,Agriculture,Agriculture,Agriculture,Farming,1075,1075,9,1,to buy fertilizers and pesticides for improved yields.,8
3183835,funded,Agriculture,Agriculture,Agriculture,Animal Sales,215,215,4,1,to buy more cows for fattening for improved profits.,9
3183834,funded,Housing,Housing,Personal,Property,1075,1075,28,1,to buy construction materials to renovate rentals and earn better from the reinvestment.,13
3183810,funded,Agriculture,Agriculture,Agriculture,Farming,1075,1075,27,1,to buy pesticides and fertilizers to improve soils for healthy harvests.,11
3183822,funded,Agriculture,Agriculture,Agriculture,Farming,950,950,30,1,to buy mulch and manure for his gardens to ensure improved yields.,12
3183814,funded,Agriculture,Agriculture,Agriculture,Farm Supplies,800,800,13,1,to buy banana suckers as well as organic manure to improve soils.,12
3183793,funded,Agriculture,Agriculture,Agriculture,Cattle,480,480,46,1,to buy more cows for fattening for improved profits.,9
3183795,funded,Agriculture,Agriculture,Agriculture,Farm Supplies,600,600,4,1,to buy manure and mulches to improve soils for farming.,10
3183767,funded,Agriculture,Agriculture,Agriculture,Farming,800,800,20,1,to buy manure and mulches to improve soils for farming and create better harvests.,14
3183778,funded,Agriculture,Agriculture,Agriculture,Farming,1350,1350,19,1,to buy mulches and manure for his gardens to improve yields.,11
3183785,funded,Agriculture,Agriculture,Agriculture,Farming,1350,1350,88,1,to buy more cows for fattening for improved profits.,9
3183031,funded,Agriculture,Agriculture,Agriculture,Farming,550,550,18,1,to buy manure and mulches to improve soils for farming and better harvests to sell.,15
3183763,funded,Agriculture,Agriculture,Agriculture,Farming,1600,1600,36,1,to buy organic manure for her coffee business to boost growth and productivity.,13
3182982,funded,Agriculture,Agriculture,Agriculture,Farming,1325,1325,29,1,to buy pesticides and fertilizers and to pay workers for improved yields.,12
3183013,funded,Agriculture,Agriculture,Agriculture,Farming,1250,1250,93,1,to buy mulches and manure to improve soils for farming and better harvests to sell.,15
3183026,funded,Retail,Retail,Business,Spare Parts,800,800,24,1,to buy more spare parts for sale to generate revenue.,10
3182944,funded,Agriculture,Agriculture,Agriculture,Farming,1075,1075,49,1,"to buy pesticides, fertilizers and pay workers for improved yields.",10
3182968,funded,Agriculture,Agriculture,Agriculture,Farming,1325,1325,40,1,to buy seedlings and fertilizers to grow healthy coffee to sell.,11
3182976,funded,Retail,Retail,Business,Hardware,1875,1875,164,1,to buy more hardware equipment to sell and generate revenue.,10
3182938,funded,Agriculture,Agriculture,Agriculture,Farming,1825,1825,91,1,"to buy pesticides, fertilizers and pay labor for weeding.",9
3182927,funded,Agriculture,Agriculture,Agriculture,Cattle,3090,3090,137,1,to buy more cows for fattening to earn improved profits.,10
3182919,funded,Agriculture,Agriculture,Agriculture,Farming,2450,2450,108,1,"to buy manure, fertilizers and pay labor for improved yields.",10
3182916,funded,Agriculture,Agriculture,Agriculture,Farm Supplies,3165,3165,144,1,to buy manure and mulches to improve soils for farming and produce better harvests to sell.,16
3182925,funded,Agriculture,Agriculture,Agriculture,Farm Supplies,1325,1325,31,1,to buy coffee seedlings and fertilizer to grow healthy coffee to sell to generate revenue.,15
3182897,funded,Agriculture,Agriculture,Agriculture,Farm Supplies,550,550,16,1,"to buy medicated seeds, fertilizers, and pesticides to grow healthy crops to sell.",13
3182903,funded,Agriculture,Agriculture,Agriculture,Farm Supplies,800,800,27,1,to buy manure and seeds to grow healthy maize for sale.,11
3182910,funded,Agriculture,Agriculture,Agriculture,Farm Supplies,1200,1200,28,1,to buy seedlings and manure to improve soils for farming and better harvests for sale.,15
3182876,funded,Agriculture,Agriculture,Agriculture,Farm Supplies,2125,2125,53,1,"to buy seeds, fertilizers and pesticides to grow healthy harvests.",10
3182890,funded,Agriculture,Agriculture,Agriculture,Farm Supplies,1000,1000,52,1,to buy seeds and fertilizers to improve soils for healthy harvests to sell and generate revenue.,16
3182873,funded,Clothing,Clothing,Personal,Clothing Sales,800,800,31,1,"to buy more blouses, skirts, dresses, and jumpers to restock her boutique.",12
3182846,funded,Agriculture,Agriculture,Agriculture,Farming,950,950,26,1,to buy manure for improved yields.,6
3182859,funded,Agriculture,Agriculture,Agriculture,Farming,1325,1325,23,1,to hire more land for farming to increase her yields.,10
3182814,funded,Agriculture,Agriculture,Agriculture,Farming,3950,3950,130,1,to buy more fertilizer and manure for improved crop yields.,10
3182835,funded,Agriculture,Agriculture,Agriculture,Farming,775,775,41,1,to hire more land for farming for increased yields.,9
3182175,funded,Agriculture,Agriculture,Agriculture,Farming,550,550,8,1,to rent more land for farming to increase his production.,10
3182225,funded,Agriculture,Agriculture,Agriculture,Farming,400,400,11,1,to buy more fertilisers and manure to improve crop yields.,10
3182811,funded,Agriculture,Agriculture,Agriculture,Farming,3670,3670,160,1,to buy fertilizers and manure for increased yields.,8
3182153,funded,Agriculture,Agriculture,Agriculture,Farming,1125,1125,32,1,to buy fertilizer and manure for improved yields.,8
3182157,funded,Agriculture,Agriculture,Agriculture,Farming,1325,1325,41,1,to help him rent more land for farming to increase production.,11
3182127,funded,Agriculture,Agriculture,Agriculture,Farming,2065,2065,95,1,to buy manure and mulch to improve the soil for farming and better harvests for selling.,16
3182139,funded,Agriculture,Agriculture,Agriculture,Farming,1325,1325,47,1,to buy mulches and manure for improved yields.,8
3182145,funded,Agriculture,Agriculture,Agriculture,Farming,1075,1075,5,1,to buy fertilizer and manure for improved yields.,8
3182109,funded,Agriculture,Agriculture,Agriculture,Farming,1305,1305,69,1,to buy NPK fertilizer to improve the soil for farming and better harvests for selling.,15
3182126,funded,Agriculture,Agriculture,Agriculture,Farming,550,550,16,1,to buy fertilizer for improved coffee yields.,7
3182118,funded,Education,Other,Personal,Primary/secondary school costs,675,675,20,1,to pay school fees and clear requirements.,7
3182087,funded,Agriculture,Agriculture,Agriculture,Farming,1325,1325,54,1,to purchase mulch and manure for improved yields.,8
3182104,funded,Agriculture,Agriculture,Agriculture,Farming,800,800,8,1,to buy fertilizer for improved yields.,6
3182099,funded,Retail,Retail,Business,General Store,1775,1775,71,1,to buy an assortment of merchandise to sell to generate revenue.,11
3182079,funded,Agriculture,Agriculture,Agriculture,Cattle,2650,2650,97,1,to buy more cows for cattle fattening for improved income.,10
3182040,funded,Agriculture,Agriculture,Agriculture,Farming,675,675,20,1,to buy seedlings and fertilizer to improve the soil for farming and better harvests.,14
3182113,funded,Agriculture,Agriculture,Agriculture,Farming,275,275,11,1,to buy fertilizer for improved coffee yields.,7
3182030,funded,Agriculture,Agriculture,Agriculture,Farming,550,550,19,1,to buy manure to improve the soil for farming and improve harvests for selling.,14
3182021,funded,Agriculture,Agriculture,Agriculture,Farming,800,800,26,1,to buy manure and mulch to improve harvests to sell to generate revenue.,13
3182010,funded,Agriculture,Agriculture,Agriculture,Farming,1325,1325,41,1,to buy manure and mulch for improved harvests to sell.,10
3181893,funded,Agriculture,Agriculture,Agriculture,Farming,1250,1250,41,1,to buy manure and mulches to improve soils for farming.,10
3181906,funded,Agriculture,Agriculture,Agriculture,Farming,1875,1875,46,1,to buy manure and mulches to improve soils for farming and better harvests.,13
3180991,funded,Agriculture,Agriculture,Agriculture,Farming,2600,2600,112,1,to buy fertilizers to grow healthy coffee for sale to generate revenue.,12
3181144,funded,Agriculture,Agriculture,Agriculture,Farming,1350,1350,55,1,to buy manure and mulches to improve the soil for farming.,11
3180981,funded,Health,Health,Personal,Pharmacy,800,800,20,1,to buy more drugs to sell and generate revenue.,9
3180965,funded,Agriculture,Agriculture,Agriculture,Farm Supplies,1875,1875,62,1,"to buy fertilizers, pesticides to grow healthy coffee for sell to generate revenue.",13
3180987,funded,Agriculture,Agriculture,Agriculture,Agriculture,1325,1325,40,1,to buy mulches and manure to improve soils for farming and better harvests.,13
3180956,funded,Agriculture,Agriculture,Agriculture,Cattle,2465,2465,102,1,to buy more cows for fattening and sell to generate revenue.,11
3180869,funded,Agriculture,Agriculture,Agriculture,Farm Supplies,1525,1525,63,1,to buy NPK fertilizers to improve soil for farming.,9
3180827,funded,Agriculture,Agriculture,Agriculture,Farming,2675,2675,50,1,to buy more coffee beans to sell and generate revenue.,10
3180836,funded,Agriculture,Agriculture,Agriculture,Farming,1350,1350,9,1,"to buy fertilizers to improve soils for farming,and better harvests to sell.",12
3180378,funded,Agriculture,Agriculture,Agriculture,Farm Supplies,1000,1000,40,1,"to buy farm inputs to improve soil for farming, resulting in better harvests.",13
3180410,funded,Agriculture,Agriculture,Agriculture,Farm Supplies,3725,3725,159,1,to buy manure to improve soil for farming and better harvests to sell.,13
3180362,funded,Agriculture,Agriculture,Agriculture,Poultry,800,800,25,1,to buy more chicks and quality feeds for her poultry farming operation.,12
3180357,funded,Agriculture,Agriculture,Agriculture,Agriculture,2125,2125,85,1,to buy fertilizers to improve soils for farming and to create better harvests to increase sales.,16
3180307,funded,Agriculture,Agriculture,Agriculture,Animal Sales,3115,3115,189,1,to buy more cows for fattening and sell to generate revenue.,11
3180316,funded,Agriculture,Agriculture,Agriculture,Animal Sales,800,800,31,1,to buy more cows for fattening and sell to generate revenue.,11
3180282,funded,Food,Food,Personal,Food,3975,3975,138,1,to buy coffee harvests to sell to generate revenue.,9
3180242,funded,Agriculture,Agriculture,Agriculture,Farming,1325,1325,25,1,to buy fertilizers to improve soils for farming and better harvests to sell.,13
3180237,funded,Retail,Retail,Business,Retail,1800,1800,78,1,to restock his assortment of merchandise to sell and generate revenue.,11
3195033,funded,Food,Food,Personal,Food,550,550,19,1,to add more stock to his produce business.,8
3195006,funded,Entertainment,Other,Personal,Entertainment,1100,1100,36,1,to rehabilitate his video hall.,5
3189413,funded,Services,Services,Business,Tailoring,150,150,5,1,"to buy more rolls of clothes,.",6
3190304,funded,Food,Food,Personal,Food Stall,200,200,6,1,to buy more food stuff.,5
3189407,funded,Food,Food,Personal,Pub,200,200,4,1,"to buy soft drinks, beers and liquor for the business,.",10
3189405,funded,Agriculture,Agriculture,Agriculture,Poultry,950,950,14,1,to buy poultry feeds and chicks.,6
3187962,funded,Clothing,Clothing,Personal,Clothing Sales,400,400,10,1,to purchase more clothes to sell.,6
3188098,funded,Food,Food,Personal,Food Market,525,525,10,1,"to buy more matooke, cassava, yams, and irish potatoes.",9
3187961,funded,Retail,Retail,Business,General Store,150,150,6,1,"to purchase sacks of sugar, rice, and flour, and boxes of water.",12
3187956,funded,Food,Food,Personal,Food Market,275,275,5,1,"to buy matooke, cassava, beans, and groundnuts to sell.",9
3187951,funded,Health,Health,Personal,Medical Clinic,2675,2675,78,1,"to buy drugs, a clinical thermometer, syringes and a hospital bed.",11
3187953,funded,Agriculture,Agriculture,Agriculture,Poultry,675,675,15,1,to buy chicken feed and build a bigger chicken coop.,10
3187948,funded,Food,Food,Personal,Fruits & Vegetables,275,275,6,1,"to purchase more stock of matooke, cassava, and potatoes.",9
3187891,funded,Agriculture,Agriculture,Agriculture,Farming,275,275,10,1,to purchase fertilizers for coffee and food crops.,8
3187895,funded,Agriculture,Agriculture,Agriculture,Farming,275,275,5,1,to buy maize and bean seeds for farming.,8
3187889,funded,Retail,Retail,Business,Charcoal Sales,400,400,9,1,to buy more sacks of charcoal to sell.,8
3187890,funded,Food,Food,Personal,Pub,1075,1075,34,1,"to buy more beers, soda, liquor, wine, and spirits to sell.",11
3187272,funded,Agriculture,Agriculture,Agriculture,Farming,950,950,35,1,to buy more goat meat.,5
3187887,funded,Agriculture,Agriculture,Agriculture,Farming,1350,1350,52,1,"to buy more seedlings for maize, coffee and cabbage,.",9
3186590,funded,Retail,Retail,Business,Charcoal Sales,550,550,20,1,to purchase charcoal.,3
3186589,funded,Retail,Retail,Business,Office Supplies,225,225,7,1,to purchase more books and pens for her business.,9
3186584,funded,Clothing,Clothing,Personal,Clothing Sales,550,550,17,1,to buy more clothes and accessories for her boutique.,9
3186579,funded,Services,Services,Business,Beauty Salon,675,675,26,1,"to purchase more nail brushes, qutex nail polish remover, foot scrubs and chairs.",13
3186574,funded,Services,Services,Business,Beauty Salon,1075,1075,36,1,"to buy salon items like shampoo, hair dryers, weaves and braids.",11
3186573,funded,Retail,Retail,Business,Retail,850,850,12,1,to purchase more salt and sugar to sell.,8
3184840,funded,Food,Food,Personal,Grocery Store,800,800,33,1,to rent a bigger space and store to keep her fruits and matooke.,13
3184838,funded,Retail,Retail,Business,Retail,150,150,5,1,"to buy more matooke, cassava, yams and irish.",8
3183077,funded,Retail,Retail,Business,Retail,225,225,5,1,"to purchase soft drinks, sacks of sugar, rice, and posho for resale.",12
3183062,funded,Agriculture,Agriculture,Agriculture,Farming,550,550,4,1,"to buy insecticides, seeds, and hire labor for her farm.",10
3183057,funded,Food,Food,Personal,Liquor Store / Off-License,400,400,9,1,to buy more millet and yeast.,6
3183061,funded,Food,Food,Personal,Liquor Store / Off-License,675,675,31,1,to buy more drinks for selling.,6
3183055,funded,Food,Food,Personal,Pub,400,400,10,1,to buy more beer and soft drinks for resale.,9
3183056,funded,Food,Food,Personal,Pub,275,275,9,1,"to buy more beer, water and waragi for her bar.",10
3183027,funded,Construction,Construction,Personal,Quarrying,500,500,18,1,to rent off the mining space for more stone quarrying.,10
3183019,funded,Clothing,Clothing,Personal,Clothing Sales,550,550,14,1,to purchase more clothes to sell.,6
3182974,funded,Services,Services,Business,Beauty Salon,2125,2125,24,1,"to buy salon items like hair shampoo, hair dryer, and weaves.",11
3182973,funded,Manufacturing,Other,Personal,Metal Shop,400,400,13,1,"to buy more raw materials, such as metals.",8
3182971,funded,Food,Food,Personal,Food Stall,275,275,5,1,"to buy matooke, Irish yams, and cassava.",7
3182970,funded,Food,Food,Personal,Catering,325,325,4,1,"to buy raw materials, such as flour, cooking oil, and baking powder.",12
3182962,funded,Food,Food,Personal,Restaurant,675,675,28,1,"to buy softs drinks, matooke, tomatoes, beans, cassava, and groundnuts.",10
3182960,funded,Food,Food,Personal,Restaurant,400,400,13,1,to buy more Irish potatoes and chicken.,7
3182959,funded,Health,Health,Personal,Medical Clinic,800,800,17,1,"to buy drugs, a clinical thermometer, syringes and hospital bed.",10
3182957,funded,Clothing,Clothing,Personal,Clothing Sales,400,400,13,1,to buy more clothes for sale.,6
3182958,funded,Retail,Retail,Business,General Store,350,350,13,1,"to buy a sack of sugar, bread and salt for selling.",11
3182264,funded,Services,Services,Business,Tailoring,550,550,18,1,to purchase enough patterns of clothes for making new dresses to sell.,12
3182261,funded,Retail,Retail,Business,Charcoal Sales,675,675,26,1,to purchase more charcoal to sell.,6
3182263,funded,Retail,Retail,Business,Charcoal Sales,175,175,7,1,to purchase more charcoal to resell.,6
3182259,funded,Agriculture,Agriculture,Agriculture,Livestock,150,150,5,1,"to pay expenses such as animal feed, veterinary care, and possibly land or facilities to house animals.",17
3182229,funded,Agriculture,Agriculture,Agriculture,Poultry,350,350,13,1,"to purchase essential items for her poultry farm, like chicks, feed, housing, and feeders.",14
3182215,funded,Food,Food,Personal,Grocery Store,550,550,22,1,"to purchase more bananas (including matooke, commonly known as plantains).",10
3182227,funded,Food,Food,Personal,Restaurant,275,275,9,1,to buy matoke (green plantains) and posho (maize flour).,9
3182213,funded,Food,Food,Personal,Restaurant,675,675,13,1,"to buy matoke (green plantains), posho (maize flour), and other ingredients for her restaurant.",14
3182214,funded,Retail,Retail,Business,General Store,950,950,22,1,"to purchase more household supplies like rice, pasta and snacks.",10
3182202,funded,Food,Food,Personal,Grocery Store,2125,2125,26,1,"to purchase more groceries to sell, like rice, pasta, and snacks.",11
3182203,funded,Food,Food,Personal,Grocery Store,800,800,28,1,"to purchase more bananas (including matooke, commonly known as plantains).",10
3182197,funded,Food,Food,Personal,Restaurant,275,275,6,1,to buy matoke (green plantains) and posho (maize flour).,9
3182198,funded,Food,Food,Personal,Restaurant,400,400,9,1,"to buy matoke (green plantains), posho (maize flour), and other ingredients for her restaurant.",14
3182200,funded,Food,Food,Personal,Restaurant,400,400,9,1,to buy matoke (green plantains) and posho (maize flour) and more.,11
3182193,funded,Food,Food,Personal,Restaurant,675,675,14,1,to buy matoke (green plantains) and posho (maize flour).,9
3182185,funded,Retail,Retail,Business,Retail,950,950,12,1,"to buy for more household supplies like rice, pasta, and snacks to sell.",13
3182178,funded,Food,Food,Personal,Grocery Store,350,350,12,1,"to purchase more bananas (including Matooke, commonly known as plantain).",10
3182186,funded,Food,Food,Personal,Grocery Store,275,275,6,1,"to purchase for more bananas, including Matooke, commonly known as plantain.",11
3182176,funded,Clothing,Clothing,Personal,Clothing Sales,550,550,15,1,"to buy more fashionable dresses, tops, and bottoms for resale.",10
3182120,funded,Food,Food,Personal,Fish Selling,150,150,6,1,to buy more fish to sell.,6
3181115,funded,Food,Food,Personal,Grocery Store,350,350,11,1,"to purchase more bananas (including matooke, commonly known as plantain,.",10
3181120,funded,Food,Food,Personal,Grocery Store,550,550,21,1,"to purchase for more bananas, including Matooke (commonly known as plantain).",11
3181112,funded,Food,Food,Personal,Pub,325,325,10,1,"to buy more liquor, as well as non-alcoholic options like soft drinks.",12
3181110,funded,Food,Food,Personal,Restaurant,475,475,12,1,"to buy matoke (green plantains), posho (maize flour), rice,.",9
3181111,funded,Food,Food,Personal,Restaurant,550,550,13,1,"to buy matoke (green plantains), posho (maize flour), rice.",9
3181107,funded,Food,Food,Personal,Pub,325,325,11,1,"to buy more liquor, as well as non-alcoholic options like soft drinks and water, .",15
3181108,funded,Food,Food,Personal,Pub,475,475,17,1,"to buy more liquor, as well as non-alcoholic options like soft drinks and water,.",14
3181106,funded,Food,Food,Personal,Restaurant,225,225,7,1,"to buy matoke (green plantains), posho (maize flour), rice, beans, etc.",11
3177179,funded,Retail,Retail,Business,Retail,275,275,9,1,"to purchase more saucepans, plates, spoons to sell.",8
3177182,funded,Agriculture,Agriculture,Agriculture,Poultry,400,400,15,1,"to purchase essential items like chicks, feed, housing, and feeders.",10
3177156,funded,Services,Services,Business,Beauty Salon,325,325,8,1,"to buy essential equipment for the salon, like styling chairs.",10
3177170,funded,Services,Services,Business,Beauty Salon,1200,1200,38,1,"to buy essential equipment for the salon, like styling chairs.",10
3177150,funded,Services,Services,Business,Tailoring,550,550,12,1,to purchase enough clothes patterns for making new clothes.,9
3176057,funded,Food,Food,Personal,Catering,825,825,28,1,to buy more bags of Irish potatoes to fry chips and chicken to sell.,14
3176056,funded,Food,Food,Personal,Grocery Store,825,825,31,1,"to purchase more bananas (including matooke, commonly known as plantain, a staple).",12
